Workbook

Sheet EDIT
A1: PERIODO
A2: ENERO 1
A3: ENERO 2
A4: FEBRERO 1
A5: FEBRERO 2
A6: MARZO 1
A7: MARZO 2
A8: ABRIL 1
A9: ABRIL 2
A10: MAYO 1
A11: MAYO 2
A12: JUNIO 1
... A25: DICIEMBRE 2

Sheet CAPACIDAD
A1: NOMBRE | B1: Rol | C1: % | D1: h reales / persona | E1: Capacidad quincenal | F1: Unidad | G1: FEBRERO 1 | H1: FEBRERO 2 | I1: MARZO 1 | J1: MARZO 2 | K1: ABRIL 1 | L1: ABRIL 2 | M1: MAYO 1 | N1: MAYO 1 | O1: JUNIO 1 | P1: JUNIO 2 | Q1: JULIO 1 | R1: JULIO 2 | S1: AGOSTO 1 | T1: AGOSTO 2 | U1: SEPTIEMBRE 1 | V1: SEPTIEMBRE 2 | W1: OCTUBRE 1 | X1: OCTUBRE 2 | Y1: NOVIEMBRE 1 | Z1: NOVIEMBRE 2 | AA1: DICIEMBRE 1 | AB1: DICIEMBRE 1
A2: ARQ. KARLA MERINO | B2: ARQUITECTO | C2: 0.7 | D2: 80 | E2: =D2*C2 -> 56 | F2: horas/quincenal | G2: 56 | H2: 56 | I2: 28 | J2: 28 | K2: 56 | L2: 56 | M2: 56 | N2: 56 | O2: 56 | P2: 56 | Q2: 56 | R2: 56 | S2: 56 | T2: 56 | U2: 56 | V2: 56 | W2: 56 | X2: 56 | Y2: 56 | Z2: 56 | AA2: 56 | AB2: 56
A3: ARQ. KARLA MERINO | B3: ELECTRICO | C3: 0.3 | D3: 80 | E3: =D3*C3 -> 24 | F3: horas/quincenal | G3: 24 | H3: 24 | I3: 12 | J3: 24 | K3: 24 | L3: 24 | M3: 24 | N3: 24 | O3: 24 | P3: 24 | Q3: 24 | R3: 24 | S3: 24 | T3: 24 | U3: 24 | V3: 24 | W3: 24 | X3: 24 | Y3: 24 | Z3: 24 | AA3: 24 | AB3: 24
A4: ARQ. ANGELO MONTERO | B4: ARQUITECTO | C4: 0.6 | D4: 80 | E4: =D4*C4 -> 48 | F4: horas/quincenal | G4: 56 | H4: 56 | I4: 28 | J4: 48 | K4: 48 | L4: 48 | M4: 48 | N4: 48 | O4: 48 | P4: 48 | Q4: 48 | R4: 48 | S4: 48 | T4: 48 | U4: 48 | V4: 48 | W4: 48 | X4: 48 | Y4: 48 | Z4: 48 | AA4: 48 | AB4: 48
A5: ARQ. ANGELO MONTERO | B5: ELECTRICO | C5: 0.2 | D5: 80 | E5: =D5*C5 -> 16 | F5: horas/quincenal | G5: 24 | H5: 24 | I5: 8 | J5: 16 | K5: 16 | L5: 16 | M5: 16 | N5: 16 | O5: 16 | P5: 16 | Q5: 16 | R5: 16 | S5: 16 | T5: 16 | U5: 16 | V5: 16 | W5: 16 | X5: 16 | Y5: 16 | Z5: 16 | AA5: 16 | AB5: 16
A6: ARQ. ANGELO MONTERO | B6: GAS | C6: 0.2 | D6: 80 | E6: =D6*C6 -> 16 | F6: horas/quincenal | G6: 24 | H6: 24 | I6: 4 | J6: 16 | K6: 16 | L6: 16 | M6: 16 | N6: 16 | O6: 16 | P6: 16 | Q6: 16 | R6: 16 | S6: 16 | T6: 16 | U6: 16 | V6: 16 | W6: 16 | X6: 16 | Y6: 16 | Z6: 16 | AA6: 16 | AB6: 16
A7: ARQ. PIERINA CASALLO | B7: ARQUITECTO | C7: 0.7 | D7: 80 | E7: =D7*C7 -> 56 | F7: horas/quincenal | G7: 56 | H7: 56 | I7: 28 | J7: 56 | K7: 56 | L7: 56 | M7: 56 | N7: 56 | O7: 56 | P7: 56 | Q7: 56 | R7: 56 | S7: 56 | T7: 56 | U7: 56 | V7: 56 | W7: 56 | X7: 56 | Y7: 56 | Z7: 56 | AA7: 56 | AB7: 56
A8: ARQ. PIERINA CASALLO | B8: ELECTRICO | C8: 0.2 | D8: 80 | E8: =D8*C8 -> 16 | F8: horas/quincenal | G8: 56 | H8: 56 | I8: 28 | J8: 56 | K8: 56 | L8: 56 | M8: 56 | N8: 56 | O8: 56 | P8: 56 | Q8: 56 | R8: 56 | S8: 56 | T8: 56 | U8: 56 | V8: 56 | W8: 56 | X8: 56 | Y8: 56 | Z8: 56 | AA8: 56 | AB8: 56
A9: ARQ. PIERINA CASALLO | B9: GAS | C9: 0.1 | D9: 80 | E9: =D9*C9 -> 8 | F9: horas/quincenal | G9: 56 | H9: 56 | I9: 28 | J9: 56 | K9: 56 | L9: 56 | M9: 56 | N9: 56 | O9: 56 | P9: 56 | Q9: 56 | R9: 56 | S9: 56 | T9: 56 | U9: 56 | V9: 56 | W9: 56 | X9: 56 | Y9: 56 | Z9: 56 | AA9: 56 | AB9: 56
A10: ARQ. ALAN TORRES | B10: ARQUITECTO | C10: 0.6 | D10: 80 | E10: =D10*C10 -> 48 | F10: horas/quincenal | G10: 28 | H10: 28 | I10: 14 | J10: 28 | K10: 48 | L10: 48 | M10: 28 | N10: 28 | O10: 28 | P10: 28 | Q10: 28 | R10: 28 | S10: 28 | T10: 28 | U10: 28 | V10: 28 | W10: 28 | X10: 28 | Y10: 28 | Z10: 28 | AA10: 28 | AB10: 28
A11: ARQ. ALAN TORRES | B11: SANITARIO | C11: 0.2 | D11: 80 | E11: =D11*C11 -> 16 | F11: horas/quincenal | K11: 16 | L11: 16 | M11: 16 | N11: 16 | O11: 16 | P11: 16 | Q11: 16 | R11: 16 | S11: 16 | T11: 16 | U11: 16 | V11: 16 | W11: 16 | X11: 16 | Y11: 16 | Z11: 16 | AA11: 16 | AB11: 16
A12: ING. OSCAR MEDALLO | B12: ESTRUCTURAL | C12: 0.6 | D12: 90 | E12: =D12*C12 -> 54 | F12: horas/quincenal | G12: 54 | H12: 54 | I12: 36 | J12: 72 | K12: 72 | L12: 72 | M12: 72 | N12: 72 | O12: 72 | P12: 72 | Q12: 72 | R12: 72 | S12: 72 | T12: 72 | U12: 72 | V12: 72 | W12: 72 | X12: 72 | Y12: 72 | Z12: 72 | AA12: 72 | AB12: 72
A13: ING. OSCAR MEDALLO | B13: SUELOS | C13: 0.2 | D13: 90 | E13: =D13*C13 -> 18 | F13: horas/quincenal | G13: 18 | H13: 18 | I13: 0 | J13: 0 | K13: 0 | L13: 0 | M13: 0 | N13: 0 | O13: 0 | P13: 0 | Q13: 0 | R13: 0 | S13: 0 | T13: 0 | U13: 0 | V13: 0 | W13: 0 | X13: 0 | Y13: 0 | Z13: 0 | AA13: 0 | AB13: 0
A14: ING. OSCAR MEDALLO | B14: ELECTRICO | C14: 0.2 | D14: 90 | E14: =D14*C14 -> 18 | F14: horas/quincenal | G14: 18 | H14: 18 | I14: 9 | J14: 18 | K14: 18 | L14: 18 | M14: 18 | N14: 18 | O14: 18 | P14: 18 | Q14: 18 | R14: 18 | S14: 18 | T14: 18 | U14: 18 | V14: 18 | W14: 18 | X14: 18 | Y14: 18 | Z14: 18 | AA14: 18 | AB14: 18
A15: ING. CRISTIAN HUAMAMANI | B15: ESTRUCTURAL | C15: 0.8 | D15: 80 | E15: =D15*C15 -> 64 | F15: horas/quincenal | G15: 56 | H15: 56 | I15: 40 | J15: 80 | K15: 56 | L15: 56 | M15: 56 | N15: 56 | O15: 56 | P15: 56 | Q15: 56 | R15: 56 | S15: 56 | T15: 56 | U15: 56 | V15: 56 | W15: 56 | X15: 56 | Y15: 56 | Z15: 56 | AA15: 56 | AB15: 56
A16: ING. CRISTIAN HUAMAMANI | B16: SANITARIO | C16: 0.2 | D16: 80 | E16: =D16*C16 -> 16 | F16: horas/quincenal | G16: 24 | H16: 24 | I16: 0 | J16: 0 | K16: 24 | L16: 24 | M16: 24 | N16: 24 | O16: 24 | P16: 24 | Q16: 24 | R16: 24 | S16: 24 | T16: 24 | U16: 24 | V16: 24 | W16: 24 | X16: 24 | Y16: 24 | Z16: 24 | AA16: 24 | AB16: 24
A17: ING. KEVIN DIAZ | B17: SANITARIO | C17: 1 | D17: 80 | E17: =D17*C17 -> 80 | F17: horas/quincenal | G17: 80 | H17: 80 | I17: 40 | J17: 80 | K17: 80 | L17: 80 | M17: 80 | N17: 80 | O17: 80 | P17: 80 | Q17: 80 | R17: 80 | S17: 80 | T17: 80 | U17: 80 | V17: 80 | W17: 80 | X17: 80 | Y17: 80 | Z17: 80 | AA17: 80 | AB17: 80
A18: ING. ROMINA CASALLO | B18: GESTORA | C18: 0.6 | D18: 80 | E18: =D18*C18 -> 48 | F18: horas/quincenal | G18: 48 | H18: 48 | I18: 24 | J18: 48 | K18: 48 | L18: 48 | M18: 48 | N18: 48 | O18: 48 | P18: 48 | Q18: 48 | R18: 48 | S18: 48 | T18: 48 | U18: 48 | V18: 48 | W18: 48 | X18: 48 | Y18: 48 | Z18: 48 | AA18: 48 | AB18: 48
A19: ING. ROMINA CASALLO | B19: SANITARIO | C19: 0.2 | D19: 80 | E19: =D19*C19 -> 16 | F19: horas/quincenal | G19: 16 | H19: 16 | I19: 8 | J19: 16 | K19: 16 | L19: 16 | M19: 16 | N19: 16 | O19: 16 | P19: 16 | Q19: 16 | R19: 16 | S19: 16 | T19: 16 | U19: 16 | V19: 16 | W19: 16 | X19: 16 | Y19: 16 | Z19: 16 | AA19: 16 | AB19: 16
A20: ING. ARON | B20: SUELOS | C20: 0.5 | D20: 40 | E20: =D20*C20 -> 20 | F20: horas/quincenal | G20: 8 | H20: 8 | I20: 16 | J20: 20 | K20: 20 | L20: 20 | M20: 20 | N20: 20 | O20: 20 | P20: 20 | Q20: 20 | R20: 20 | S20: 20 | T20: 20 | U20: 20 | V20: 20 | W20: 20 | X20: 20 | Y20: 20 | Z20: 20 | AA20: 20 | AB20: 20
A21: ING. WILLY MELCHOR | B21: ESTRUCTURAL | C21: 0.4 | D21: 80 | E21: =D21*C21 -> 32 | F21: horas/quincenal | G21: 16 | H21: 16 | I21: 8 | J21: 16 | K21: 16 | L21: 16 | M21: 16 | N21: 16 | O21: 16 | P21: 16 | Q21: 16 | R21: 16 | S21: 16 | T21: 16 | U21: 16 | V21: 16 | W21: 16 | X21: 16 | Y21: 16 | Z21: 16 | AA21: 16 | AB21: 16
A22: TOTAL | E22: =SUM(E2:E21) -> 670 | F22: horas/quincenal | G22: =SUM(G2:G21) -> 718 | H22: =SUM(H2:H21) -> 718 | I22: =SUM(I2:I21) -> 359 | J22: =SUM(J2:J21) -> 678 | K22: =SUM(K2:K21) -> 742 | L22: =SUM(L2:L21) -> 742 | M22: =SUM(M2:M21) -> 722 | N22: =SUM(N2:N21) -> 722 | ... AB22: =SUM(AB2:AB21) -> 722
A23: TOTAL ARQUITECTOS | E23: =SUMIF($B$2:$B$21,"ARQUITECTO",$E$2:$E$21) -> 208 | F23: horas/quincenal | G23: =SUMIF($B$2:$B$21,"ARQUITECTO",G2:G21) -> 196 | H23: =SUMIF($B$2:$B$21,"ARQUITECTO",H2:H21) -> 196 | I23: =SUMIF($B$2:$B$21,"ARQUITECTO",I2:I21) -> 98 | J23: =SUMIF($B$2:$B$21,"ARQUITECTO",J2:J21) -> 160 | K23: =SUMIF($B$2:$B$21,"ARQUITECTO",K2:K21) -> 208 | L23: =SUMIF($B$2:$B$21,"ARQUITECTO",L2:L21) -> 208 | M23: =SUMIF($B$2:$B$21,"ARQUITECTO",M2:M21) -> 188 | N23: =SUMIF($B$2:$B$21,"ARQUITECTO",N2:N21) -> 188 | ... AB23: =SUMIF($B$2:$B$21,"ARQUITECTO",AB2:AB21) -> 188
A24: TOTAL ESTRUCTURALES | E24: =SUMIF($B$2:$B$21,"ESTRUCTURAL",$E$2:$E$21) -> 150 | F24: horas/quincenal | G24: =SUMIF($B$2:$B$21,"ESTRUCTURAL",G2:G21) -> 126 | H24: =SUMIF($B$2:$B$21,"ESTRUCTURAL",H2:H21) -> 126 | I24: =SUMIF($B$2:$B$21,"ESTRUCTURAL",I2:I21) -> 84 | J24: =SUMIF($B$2:$B$21,"ESTRUCTURAL",J2:J21) -> 168 | K24: =SUMIF($B$2:$B$21,"ESTRUCTURAL",K2:K21) -> 144 | L24: =SUMIF($B$2:$B$21,"ESTRUCTURAL",L2:L21) -> 144 | M24: =SUMIF($B$2:$B$21,"ESTRUCTURAL",M2:M21) -> 144 | N24: =SUMIF($B$2:$B$21,"ESTRUCTURAL",N2:N21) -> 144 | ... AB24: =SUMIF($B$2:$B$21,"ESTRUCTURAL",AB2:AB21) -> 144
A25: SUELOS | E25: =SUMIF($B$2:$B$21,"SUELOS",$E$2:$E$21) -> 38 | F25: horas/quincenal | G25: =SUMIF($B$2:$B$21,"SUELOS",G2:G21) -> 26 | H25: =SUMIF($B$2:$B$21,"SUELOS",H2:H21) -> 26 | I25: =SUMIF($B$2:$B$21,"SUELOS",I2:I21) -> 16 | J25: =SUMIF($B$2:$B$21,"SUELOS",J2:J21) -> 20 | K25: =SUMIF($B$2:$B$21,"SUELOS",K2:K21) -> 20 | L25: =SUMIF($B$2:$B$21,"SUELOS",L2:L21) -> 20 | M25: =SUMIF($B$2:$B$21,"SUELOS",M2:M21) -> 20 | N25: =SUMIF($B$2:$B$21,"SUELOS",N2:N21) -> 20 | ... AA25: =SUMIF($B$2:$B$21,"SUELOS",AA2:AA21) -> 20 | AB25: =SUMIF($B$2:$B$21,"SUELOS",Z2:Z21) -> 20
A26: TOTAL SANITARIOS | E26: =SUMIF($B$2:$B$21,"SANITARIO",$E$2:$E$21) -> 128 | F26: horas/quincenal | G26: =SUMIF($B$2:$B$21,"SANITARIO",G2:G21) -> 120 | H26: =SUMIF($B$2:$B$21,"SANITARIO",H2:H21) -> 120 | I26: =SUMIF($B$2:$B$21,"SANITARIO",I2:I21) -> 48 | J26: =SUMIF($B$2:$B$21,"SANITARIO",J2:J21) -> 96 | K26: =SUMIF($B$2:$B$21,"SANITARIO",K2:K21) -> 136 | L26: =SUMIF($B$2:$B$21,"SANITARIO",L2:L21) -> 136 | M26: =SUMIF($B$2:$B$21,"SANITARIO",M2:M21) -> 136 | N26: =SUMIF($B$2:$B$21,"SANITARIO",N2:N21) -> 136 | ... AB26: =SUMIF($B$2:$B$21,"SANITARIO",AB2:AB21) -> 136
A27: TOTAL ELECTRICOS | E27: =SUMIF($B$2:$B$21,"ELECTRICO",$E$2:$E$21) -> 74 | F27: horas/quincenal | G27: =SUMIF($B$2:$B$21,"ELECTRICO",G2:G21) -> 122 | H27: =SUMIF($B$2:$B$21,"ELECTRICO",H2:H21) -> 122 | I27: =SUMIF($B$2:$B$21,"ELECTRICO",I2:I21) -> 57 | J27: =SUMIF($B$2:$B$21,"ELECTRICO",J2:J21) -> 114 | K27: =SUMIF($B$2:$B$21,"ELECTRICO",K2:K21) -> 114 | L27: =SUMIF($B$2:$B$21,"ELECTRICO",L2:L21) -> 114 | M27: =SUMIF($B$2:$B$21,"ELECTRICO",M2:M21) -> 114 | N27: =SUMIF($B$2:$B$21,"ELECTRICO",N2:N21) -> 114 | ... AB27: =SUMIF($B$2:$B$21,"ELECTRICO",AB2:AB21) -> 114
A28: TOTAL GAS | E28: =SUMIF($B$2:$B$21,"GAS",$E$2:$E$21) -> 24 | F28: horas/quincenal | G28: =SUMIF($B$2:$B$21,"GAS",G2:G21) -> 80 | H28: =SUMIF($B$2:$B$21,"GAS",H2:H21) -> 80 | I28: =SUMIF($B$2:$B$21,"GAS",I2:I21) -> 32 | J28: =SUMIF($B$2:$B$21,"GAS",J2:J21) -> 72 | K28: =SUMIF($B$2:$B$21,"GAS",K2:K21) -> 72 | L28: =SUMIF($B$2:$B$21,"GAS",L2:L21) -> 72 | M28: =SUMIF($B$2:$B$21,"GAS",M2:M21) -> 72 | N28: =SUMIF($B$2:$B$21,"GAS",N2:N21) -> 72 | ... AB28: =SUMIF($B$2:$B$21,"GAS",AB2:AB21) -> 72
A29: GESTIÓN | E29: =SUMIF($B$2:$B$21,"GESTORA",$E$2:$E$21) -> 48 | F29: horas/quincenal | G29: =SUMIF($B$2:$B$21,"GESTORA",G2:G21) -> 48 | H29: =SUMIF($B$2:$B$21,"GESTORA",H2:H21) -> 48 | I29: =SUMIF($B$2:$B$21,"GESTORA",I2:I21) -> 24 | J29: =SUMIF($B$2:$B$21,"GESTORA",J2:J21) -> 48 | K29: =SUMIF($B$2:$B$21,"GESTORA",K2:K21) -> 48 | L29: =SUMIF($B$2:$B$21,"GESTORA",L2:L21) -> 48 | M29: =SUMIF($B$2:$B$21,"GESTORA",M2:M21) -> 48 | N29: =SUMIF($B$2:$B$21,"GESTORA",N2:N21) -> 48 | ... AB29: =SUMIF($B$2:$B$21,"GESTORA",AB2:AB21) -> 48

Sheet MH-DFM4-0226-Pueblo Libre-Silvi
A1: NOMBRE DE PROYECTO | B1: TIPO DE EXPEDIENTE | C1: ESPECIALIDAD | D1: PARTIDA | E1: VERSION | F1: HORAS CALENDARIO TECNICOS LABORADOS PARA PERSONA CON RENDIMIENTO AL 100% | G1: HORAS CALENDARIO EN REUNIONES CON CLIENTES PARA PERSONA CON RENDIMIENTO AL 100% | H1: TOTAL | I1: HORAS ADICIONALES | J1: TOTAL HORAS RESTANTES | K1: Column11
A2: DF+IM4 - 0226 - Pueblo Libre - Sílvia & Eduardo | B2: Declaratoria + Independización | C2: ARQUITECTURA | D2: TAREAS ADMINISTRATIVAS - Subir DNI al DRIVE | E2: V 0.0 - INICIO DEL PROYECTO | F2: 0 | H2: 0 | J2: 0 | K2: OK
A3: DF+IM4 - 0226 - Pueblo Libre - Sílvia & Eduardo | B3: Declaratoria + Independización | C3: ARQUITECTURA | D3: ARQUITECTURA - Digitalización de planos | E3: V 2.0 - PRELIMINAR A ENTREGA A SUNARP | F3: 6 | H3: 6 | I3: 2 | J3: 0 | K3: OK
A4: DF+IM4 - 0226 - Pueblo Libre - Sílvia & Eduardo | B4: Declaratoria + Independización | C4: ARQUITECTURA | D4: ARQUITECTURA - Planos de independización | E4: V 2.0 - PRELIMINAR A ENTREGA A SUNARP | F4: 4 | H4: 4 | J4: 4 | K4: OK
A5: DF+IM4 - 0226 - Pueblo Libre - Sílvia & Eduardo | B5: Declaratoria + Independización | C5: ARQUITECTURA | D5: ARQUITECTURA - Plano de Ubicación y Localización | E5: V 2.0 - PRELIMINAR A ENTREGA A SUNARP | F5: 3 | H5: 3 | J5: 0 | K5: OK
A6: DF+IM4 - 0226 - Pueblo Libre - Sílvia & Eduardo | B6: Declaratoria + Independización | C6: ARQUITECTURA | D6: ARQUITECTURA - Cuadro de áreas a declarar | E6: V 2.0 - PRELIMINAR A ENTREGA A SUNARP | F6: 1 | H6: 1 | J6: 1 | K6: OK
A7: DF+IM4 - 0226 - Pueblo Libre - Sílvia & Eduardo | B7: Declaratoria + Independización | C7: ARQUITECTURA | D7: ARQUITECTURA - Formularios FOR | E7: V 2.0 - PRELIMINAR A ENTREGA A SUNARP | F7: 3 | H7: 3 | I7: -2.5 | J7: 0 | K7: OK
A8: DF+IM4 - 0226 - Pueblo Libre - Sílvia & Eduardo | B8: Declaratoria + Independización | C8: ARQUITECTURA | D8: ARQUITECTURA - Declaración jurada no improcedencia | E8: V 2.0 - PRELIMINAR A ENTREGA A SUNARP | F8: 0.5 | H8: 0.5 | I8: 0 | J8: 0 | K8: OK
A9: DF+IM4 - 0226 - Pueblo Libre - Sílvia & Eduardo | B9: Declaratoria + Independización | C9: ARQUITECTURA | D9: ARQUITECTURA - Informe técnica del verificador (ITF) | E9: V 2.0 - PRELIMINAR A ENTREGA A SUNARP | F9: 2 | H9: 2 | I9: -1.5 | J9: 0 | K9: OK
A10: DF+IM4 - 0226 - Pueblo Libre - Sílvia & Eduardo | B10: Declaratoria + Independización | C10: ARQUITECTURA | D10: ARQUITECTURA - Anexo 1 | E10: V 2.0 - PRELIMINAR A ENTREGA A SUNARP | F10: 2 | H10: 2 | J10: 2 | K10: OK
A11: DF+IM4 - 0226 - Pueblo Libre - Sílvia & Eduardo | B11: Declaratoria + Independización | C11: ARQUITECTURA | D11: ARQUITECTURA - Memoria descriptiva de declaratoria de fábrica | E11: V 2.0 - PRELIMINAR A ENTREGA A SUNARP | F11: 1 | H11: 1 | J11: 1 | K11: OK
A12: DF+IM4 - 0226 - Pueblo Libre - Sílvia & Eduardo | B12: Declaratoria + Independización | C12: ARQUITECTURA | D12: ARQUITECTURA - Reunión para exponer a cliente | E12: V 2.0 - PRELIMINAR A ENTREGA A SUNARP | F12: 0 | G12: 2 | H12: 2 | J12: 2 | K12: OK
A13: DF+IM4 - 0226 - Pueblo Libre - Sílvia & Eduardo | B13: Declaratoria + Independización | C13: ARQUITECTURA | D13: TAREAS ADMINISTRATIVAS - MANDAR A IMPRENTA 1 JUEGO DE EXPEDIENTE A PLOTEAR | E13: V 2.0 - PRELIMINAR A ENTREGA A SUNARP | F13: 1 | H13: 1 | J13: 1 | K13: OK
A14: DF+IM4 - 0226 - Pueblo Libre - Sílvia & Eduardo | B14: Declaratoria + Independización | C14: ARQUITECTURA | D14: TAREAS ADMINISTRATIVAS - SACAR 2 JUEGOS DE COPIA DEL EXPEDIENTE | E14: V 2.0 - PRELIMINAR A ENTREGA A SUNARP | F14: 1 | H14: 1 | J14: 1 | K14: OK
A15: DF+IM4 - 0226 - Pueblo Libre - Sílvia & Eduardo | B15: Declaratoria + Independización | C15: ARQUITECTURA | D15: ARQUITECTURA - Revisión de SUNARP | E15: V 2.1 - ENTREGA TÉCNICA FINAL DE EXPEDIENTE A REVISORES | F15: 0 | H15: 0 | J15: 0 | K15: OK
A16: DF+IM4 - 0226 - Pueblo Libre - Sílvia & Eduardo | B16: Declaratoria + Independización | C16: ARQUITECTURA | D16: ARQUITECTURA - Lev. de Observaciones de SUNARP | E16: V 2.0 - PRELIMINAR A ENTREGA A SUNARP | F16: 5 | H16: 5 | J16: 5 | K16: OK
A17: DF+IM4 - 0226 - Pueblo Libre - Sílvia & Eduardo | B17: Declaratoria + Independización | C17: ARQUITECTURA | D17: TAREAS ADMINISTRATIVAS - EMISIÓN DE DECLARATORIA DE FÁBRICA | E17: V 2.0 - PRELIMINAR A ENTREGA A SUNARP | F17: 0 | H17: 0 | J17: 0 | K17: OK
A18: DF+IM4 - 0226 - Pueblo Libre - Sílvia & Eduardo | B18: Declaratoria + Independización | C18: GESTIÓN Y ADMINISTRACIÓN | D18: TAREAS ADMINISTRATIVAS - Crear grupo de WPS con cliente y equipo | E18: V 0.0 - INICIO DEL PROYECTO | F18: 0 | H18: 0 | J18: 0 | K18: OK
A19: DF+IM4 - 0226 - Pueblo Libre - Sílvia & Eduardo | B19: Declaratoria + Independización | C19: GESTIÓN Y ADMINISTRACIÓN | D19: TAREAS ADMINISTRATIVAS - Crear DRIVE del proyecto | E19: V 0.0 - INICIO DEL PROYECTO | F19: 0 | H19: 0 | J19: 0 | K19: OK
A20: DF+IM4 - 0226 - Pueblo Libre - Sílvia & Eduardo | B20: Declaratoria + Independización | C20: GESTIÓN Y ADMINISTRACIÓN | D20: TAREAS ADMINISTRATIVAS - Coordinar dia y hora para realizar levantamiento arquitectónico | E20: V 0.0 - INICIO DEL PROYECTO | F20: 0 | H20: 0 | J20: 0 | K20: OK
A21: DF+IM4 - 0226 - Pueblo Libre - Sílvia & Eduardo | B21: Declaratoria + Independización | C21: GESTIÓN Y ADMINISTRACIÓN | D21: TAREAS ADMINISTRATIVAS - Realizar levantamiento arquitectónico | E21: V 0.0 - INICIO DEL PROYECTO | F21: 0 | H21: 0 | J21: 0 | K21: OK

Sheet MP-0525 - Surco - Arq  Edin
A1: NOMBRE DE PROYECTO | B1: TIPO DE EXPEDIENTE | C1: ESPECIALIDAD | D1: PARTIDA | E1: VERSION | F1: HORAS CALENDARIO TECNICOS LABORADOS PARA PERSONA CON RENDIMIENTO AL 100% | G1: HORAS CALENDARIO EN REUNIONES CON CLIENTES PARA PERSONA CON RENDIMIENTO AL 100% | H1: TOTAL | I1: HORAS ADICIONALES | J1: TOTAL HORAS RESTANTES | K1: Column11
A2: LNM7 - 0525 - Surco - Arq. Edinson Rufasto | B2: Exp. Licencia mod. B | C2: ARQUITECTURA | D2: ARQUITECTURA - Propuesta de render 3D | E2: V 4.0 - PRELIMINAR A ENTREGA DEL EXPEDIENTE A MUNICIPALIDAD | F2: 23 | H2: 23 | I2: 52 | J2: 0 | K2: OK
A3: LNM7 - 0525 - Surco - Arq. Edinson Rufasto | B3: Exp. Licencia mod. B | C3: ARQUITECTURA | D3: ARQUITECTURA - Reunión con cliente para ver render 3D | E3: V 4.0 - PRELIMINAR A ENTREGA DEL EXPEDIENTE A MUNICIPALIDAD | F3: 0 | G3: 6 | H3: 6 | J3: 4.5 | K3: OK
A4: LNM7 - 0525 - Surco - Arq. Edinson Rufasto | B4: Exp. Licencia mod. B | C4: ARQUITECTURA | D4: TAREAS ADMINISTRATIVAS - Corroborar bloque actualizado en todas las especialidades | E4: V 3.0 - PRELIMINAR A ENTREGA DEL EXPEDIENTE A REVISORES URBANOS | F4: 4 | H4: 4 | J4: 2 | K4: OK
A5: LNM7 - 0525 - Surco - Arq. Edinson Rufasto | B5: Exp. Licencia mod. B | C5: ARQUITECTURA | D5: TAREAS ADMINISTRATIVAS - MANDAR A IMPRENTA PLANOS A PLOTEAR | E5: V 4.0 - PRELIMINAR A ENTREGA DEL EXPEDIENTE A MUNICIPALIDAD | F5: 0 | H5: 0 | J5: 0 | K5: OK
A6: LNM7 - 0525 - Surco - Arq. Edinson Rufasto | B6: Exp. Licencia mod. B | C6: ARQUITECTURA | D6: TAREAS ADMINISTRATIVAS - Firmar y sellar expediente por revisores urbanos | E6: V 4.0 - PRELIMINAR A ENTREGA DEL EXPEDIENTE A MUNICIPALIDAD | F6: 0 | H6: 0 | J6: 0 | K6: OK
A7: LNM7 - 0525 - Surco - Arq. Edinson Rufasto | B7: Exp. Licencia mod. B | C7: ARQUITECTURA | D7: TAREAS ADMINISTRATIVAS - Recoger expediente firmado y sellado de REVISORES URBANOS | E7: V 4.0 - PRELIMINAR A ENTREGA DEL EXPEDIENTE A MUNICIPALIDAD | F7: 0 | H7: 0 | J7: 0 | K7: OK
A8: LNM7 - 0525 - Surco - Arq. Edinson Rufasto | B8: Exp. Licencia mod. B | C8: ARQUITECTURA | D8: TAREAS ADMINISTRATIVAS - Entrega de expediente impreso a cliente | E8: V 4.0 - PRELIMINAR A ENTREGA DEL EXPEDIENTE A MUNICIPALIDAD | F8: 0 | H8: 0 | J8: 0 | K8: OK
A9: LNM7 - 0525 - Surco - Arq. Edinson Rufasto | B9: Exp. Licencia mod. B | C9: ARQUITECTURA | D9: ARQUITECTURA - Revisión por Muni | E9: V 4.1 - ENTREGA DEL EXPEDIENTE A MUNICIPALIDAD | F9: 0 | H9: 0 | J9: 0 | K9: OK
A10: LNM7 - 0525 - Surco - Arq. Edinson Rufasto | B10: Exp. Licencia mod. B | C10: ESTRUCTURAS | D10: ESTRUCTURAS - Propuesta estructural de columnas, placas y vigas | E10: V 3.0 - PRELIMINAR A ENTREGA DEL EXPEDIENTE A REVISORES URBANOS | F10: 2 | H10: 2 | I10: 14 | J10: 0 | K10: OK
A11: LNM7 - 0525 - Surco - Arq. Edinson Rufasto | B11: Exp. Licencia mod. B | C11: ESTRUCTURAS | D11: ESTRUCTURAS - Modelado de estructuras | E11: V 3.0 - PRELIMINAR A ENTREGA DEL EXPEDIENTE A REVISORES URBANOS | F11: 7 | H11: 7 | I11: 3 | J11: 0 | K11: OK
A12: LNM7 - 0525 - Surco - Arq. Edinson Rufasto | B12: Exp. Licencia mod. B | C12: ESTRUCTURAS | D12: TAREAS ADMINISTRATIVAS - Junta de ingenierías | E12: V 3.0 - PRELIMINAR A ENTREGA DEL EXPEDIENTE A REVISORES URBANOS | F12: 2 | H12: 2 | I12: -2 | J12: 0 | K12: OK
A13: LNM7 - 0525 - Surco - Arq. Edinson Rufasto | B13: Exp. Licencia mod. B | C13: ESTRUCTURAS | D13: ESTRUCTURAS - Planos de encofrados de techos | E13: V 3.0 - PRELIMINAR A ENTREGA DEL EXPEDIENTE A REVISORES URBANOS | F13: 5 | H13: 5 | I13: 3 | J13: 0 | K13: OK
A14: LNM7 - 0525 - Surco - Arq. Edinson Rufasto | B14: Exp. Licencia mod. B | C14: ESTRUCTURAS | D14: ESTRUCTURAS - Cuadro de columnas | E14: V 3.0 - PRELIMINAR A ENTREGA DEL EXPEDIENTE A REVISORES URBANOS | F14: 2 | H14: 2 | J14: 0 | K14: OK
A15: LNM7 - 0525 - Surco - Arq. Edinson Rufasto | B15: Exp. Licencia mod. B | C15: ESTRUCTURAS | D15: ESTRUCTURAS - Desarrollo de vigas | E15: V 3.0 - PRELIMINAR A ENTREGA DEL EXPEDIENTE A REVISORES URBANOS | F15: 4 | H15: 4 | J15: 0 | K15: OK
A16: LNM7 - 0525 - Surco - Arq. Edinson Rufasto | B16: Exp. Licencia mod. B | C16: ESTRUCTURAS | D16: ESTRUCTURAS - Detalle de placas | E16: V 3.0 - PRELIMINAR A ENTREGA DEL EXPEDIENTE A REVISORES URBANOS | F16: 4 | H16: 4 | J16: 0 | K16: OK
A17: LNM7 - 0525 - Surco - Arq. Edinson Rufasto | B17: Exp. Licencia mod. B | C17: ESTRUCTURAS | D17: ESTRUCTURAS - Planos de cimentación | E17: V 3.0 - PRELIMINAR A ENTREGA DEL EXPEDIENTE A REVISORES URBANOS | F17: 5 | H17: 5 | J17: 0 | K17: OK
A18: LNM7 - 0525 - Surco - Arq. Edinson Rufasto | B18: Exp. Licencia mod. B | C18: ESTRUCTURAS | D18: ESTRUCTURAS - Cortes de cimentación | E18: V 3.0 - PRELIMINAR A ENTREGA DEL EXPEDIENTE A REVISORES URBANOS | F18: 3 | H18: 3 | J18: 0 | K18: OK
A19: LNM7 - 0525 - Surco - Arq. Edinson Rufasto | B19: Exp. Licencia mod. B | C19: ESTRUCTURAS | D19: ESTRUCTURAS - Corte de muros de sótanos | E19: V 3.0 - PRELIMINAR A ENTREGA DEL EXPEDIENTE A REVISORES URBANOS | F19: 1 | H19: 1 | J19: 0 | K19: OK
A20: LNM7 - 0525 - Surco - Arq. Edinson Rufasto | B20: Exp. Licencia mod. B | C20: ESTRUCTURAS | D20: ESTRUCTURAS - Detalle y corte de cisterna | E20: V 3.0 - PRELIMINAR A ENTREGA DEL EXPEDIENTE A REVISORES URBANOS | F20: 2 | H20: 2 | I20: -1 | J20: 0 | K20: OK
A21: LNM7 - 0525 - Surco - Arq. Edinson Rufasto | B21: Exp. Licencia mod. B | C21: ESTRUCTURAS | D21: ESTRUCTURAS - Especificaciones generales | E21: V 3.0 - PRELIMINAR A ENTREGA DEL EXPEDIENTE A REVISORES URBANOS | F21: 1 | H21: 1 | J21: 0 | K21: OK
A22: LNM7 - 0525 - Surco - Arq. Edinson Rufasto | B22: Exp. Licencia mod. B | C22: ESTRUCTURAS | D22: ESTRUCTURAS - Memoria de cálculo estructural | E22: V 3.0 - PRELIMINAR A ENTREGA DEL EXPEDIENTE A REVISORES URBANOS | F22: 2 | H22: 2 | I22: -1 | J22: 0 | K22: OK
A23: LNM7 - 0525 - Surco - Arq. Edinson Rufasto | B23: Exp. Licencia mod. B | C23: ESTRUCTURAS | D23: ESTRUCTURAS - Compatibilizacion con especialidades | E23: V 3.0 - PRELIMINAR A ENTREGA DEL EXPEDIENTE A REVISORES URBANOS | F23: 2 | H23: 2 | I23: -2 | J23: 0 | K23: OK
A24: LNM7 - 0525 - Surco - Arq. Edinson Rufasto | B24: Exp. Licencia mod. B | C24: ESTRUCTURAS | D24: ESTRUCTURAS - Reunión con cliente | E24: V 3.0 - PRELIMINAR A ENTREGA DEL EXPEDIENTE A REVISORES URBANOS | F24: 0 | G24: 4 | H24: 4 | I24: -4 | J24: 0 | K24: OK
A25: LNM7 - 0525 - Surco - Arq. Edinson Rufasto | B25: Exp. Licencia mod. B | C25: ESTRUCTURAS | D25: ESTRUCTURAS - Revision de Revisores | E25: V 3.1 - ENTREGA TÉCNICA FINAL DE EXPEDIENTE A REVISORES URBANOS | F25: 0 | H25: 0 | J25: 0 | K25: OK
A26: LNM7 - 0525 - Surco - Arq. Edinson Rufasto | B26: Exp. Licencia mod. B | C26: ESTRUCTURAS | D26: ESTRUCTURAS - Lev. de Observaciones de revisores | E26: V 4.0 - PRELIMINAR A ENTREGA DEL EXPEDIENTE A MUNICIPALIDAD | F26: 9 | H26: 9 | J26: 9 | K26: OK
A27: LNM7 - 0525 - Surco - Arq. Edinson Rufasto | B27: Exp. Licencia mod. B | C27: ESTRUCTURAS | D27: ESTRUCTURAS - Revision de Municipalidad | E27: V 4.1 - ENTREGA DEL EXPEDIENTE A MUNICIPALIDAD | F27: 0 | H27: 0 | J27: 0 | K27: OK
A28: LNM7 - 0525 - Surco - Arq. Edinson Rufasto | B28: Exp. Licencia mod. B | C28: ESTRUCTURAS | D28: ESTRUCTURAS - Lev. de Observaciones de Muni | E28: V 4.1 - ENTREGA DEL EXPEDIENTE A MUNICIPALIDAD | F28: 9 | H28: 9 | J28: 9 | K28: OK
A29: LNM7 - 0525 - Surco - Arq. Edinson Rufasto | B29: Exp. Licencia mod. B | C29: INST. ELECTRICAS | D29: IIEE - Mod. planos, según requerimiento de cliente | E29: V 3.0 - PRELIMINAR A ENTREGA DEL EXPEDIENTE A REVISORES URBANOS | F29: 4 | H29: 4 | I29: 9 | J29: 0 | K29: OK
A30: LNM7 - 0525 - Surco - Arq. Edinson Rufasto | B30: Exp. Licencia mod. B | C30: INST. ELECTRICAS | D30: IIEE - Plano de comunicaciones | E30: V 3.0 - PRELIMINAR A ENTREGA DEL EXPEDIENTE A REVISORES URBANOS | F30: 2 | H30: 2 | I30: 5 | J30: 0 | K30: OK
A31: LNM7 - 0525 - Surco - Arq. Edinson Rufasto | B31: Exp. Licencia mod. B | C31: INST. ELECTRICAS | D31: IIEE - Reunión con cliente para exp. prop. de puntos | E31: V 3.0 - PRELIMINAR A ENTREGA DEL EXPEDIENTE A REVISORES URBANOS | F31: 0 | G31: 4 | H31: 4 | I31: -3 | J31: 0 | K31: OK
A32: LNM7 - 0525 - Surco - Arq. Edinson Rufasto | B32: Exp. Licencia mod. B | C32: INST. ELECTRICAS | D32: IIEE - Revisión de revisores | E32: V 3.1 - ENTREGA TÉCNICA FINAL DE EXPEDIENTE A REVISORES URBANOS | F32: 0 | H32: 0 | I32: 0 | J32: 0 | K32: OK
A33: LNM7 - 0525 - Surco - Arq. Edinson Rufasto | B33: Exp. Licencia mod. B | C33: INST. ELECTRICAS | D33: IIEE - Lev. de observaciones de revisores | E33: V 4.0 - PRELIMINAR A ENTREGA DEL EXPEDIENTE A MUNICIPALIDAD | F33: 4 | H33: 4 | J33: 4 | K33: OK
A34: LNM7 - 0525 - Surco - Arq. Edinson Rufasto | B34: Exp. Licencia mod. B | C34: INST. ELECTRICAS | D34: IIEE - Revisión por Muni | E34: V 4.1 - ENTREGA DEL EXPEDIENTE A MUNICIPALIDAD | F34: 0 | H34: 0 | I34: 0 | J34: 0 | K34: OK
A35: LNM7 - 0525 - Surco - Arq. Edinson Rufasto | B35: Exp. Licencia mod. B | C35: INST. ELECTRICAS | D35: IIEE - Lev. de observaciones de Municipalidad | E35: V 4.0 - PRELIMINAR A ENTREGA DEL EXPEDIENTE A MUNICIPALIDAD | F35: 4 | H35: 4 | J35: 4 | K35: OK
A36: LNM7 - 0525 - Surco - Arq. Edinson Rufasto | B36: Exp. Licencia mod. B | C36: INST. SANITARIAS | D36: IISS - PLANOS DE AGUA | E36: V 3.0 - PRELIMINAR A ENTREGA DEL EXPEDIENTE A REVISORES URBANOS | F36: 4 | H36: 4 | I36: 1 | J36: 0 | K36: OK
A37: LNM7 - 0525 - Surco - Arq. Edinson Rufasto | B37: Exp. Licencia mod. B | C37: INST. SANITARIAS | D37: IISS - PLANOS DE DESAGUE | E37: V 3.0 - PRELIMINAR A ENTREGA DEL EXPEDIENTE A REVISORES URBANOS | F37: 4 | H37: 4 | I37: -1 | J37: 0 | K37: OK
A38: LNM7 - 0525 - Surco - Arq. Edinson Rufasto | B38: Exp. Licencia mod. B | C38: INST. SANITARIAS | D38: IISS - Plano de detalle + Plantas actualizada | E38: V 3.0 - PRELIMINAR A ENTREGA DEL EXPEDIENTE A REVISORES URBANOS | F38: 0.5 | H38: 0.5 | I38: -0.5 | J38: 0 | K38: OK
A39: LNM7 - 0525 - Surco - Arq. Edinson Rufasto | B39: Exp. Licencia mod. B | C39: INST. SANITARIAS | D39: IISS - Isométrico de agua | E39: V 3.0 - PRELIMINAR A ENTREGA DEL EXPEDIENTE A REVISORES URBANOS | F39: 0.5 | H39: 0.5 | I39: -0.5 | J39: 0 | K39: OK
A40: LNM7 - 0525 - Surco - Arq. Edinson Rufasto | B40: Exp. Licencia mod. B | C40: INST. SANITARIAS | D40: IISS - Excel de cálculos sanitarios | E40: V 3.0 - PRELIMINAR A ENTREGA DEL EXPEDIENTE A REVISORES URBANOS | F40: 1 | H40: 1 | I40: -1 | J40: 0 | K40: OK
A41: LNM7 - 0525 - Surco - Arq. Edinson Rufasto | B41: Exp. Licencia mod. B | C41: INST. SANITARIAS | D41: IISS- Reunión con cliente | E41: V 3.0 - PRELIMINAR A ENTREGA DEL EXPEDIENTE A REVISORES URBANOS | F41: 0 | G41: 4 | H41: 4 | I41: -3 | J41: 0 | K41: OK
A42: LNM7 - 0525 - Surco - Arq. Edinson Rufasto | B42: Exp. Licencia mod. B | C42: INST. SANITARIAS | D42: IISS - Revisión por Revisores | E42: V 3.1 - ENTREGA TÉCNICA FINAL DE EXPEDIENTE A REVISORES URBANOS | F42: 0 | H42: 0 | J42: 0 | K42: OK
A43: LNM7 - 0525 - Surco - Arq. Edinson Rufasto | B43: Exp. Licencia mod. B | C43: INST. SANITARIAS | D43: IISS - Lev. de observaciones por revisores | E43: V 4.0 - PRELIMINAR A ENTREGA DEL EXPEDIENTE A MUNICIPALIDAD | F43: 5 | H43: 5 | J43: 5 | K43: OK
A44: LNM7 - 0525 - Surco - Arq. Edinson Rufasto | B44: Exp. Licencia mod. B | C44: INST. SANITARIAS | D44: IISS - Revisión por Muni | E44: V 4.1 - ENTREGA DEL EXPEDIENTE A MUNICIPALIDAD | F44: 0 | H44: 0 | J44: 0 | K44: OK
A45: LNM7 - 0525 - Surco - Arq. Edinson Rufasto | B45: Exp. Licencia mod. B | C45: INST. SANITARIAS | D45: IISS - Lev. de observaciones por Muni | E45: V 4.1 - ENTREGA DEL EXPEDIENTE A MUNICIPALIDAD | F45: 5 | H45: 5 | J45: 5 | K45: OK
A46: LNM7 - 0525 - Surco - Arq. Edinson Rufasto | B46: Exp. Licencia mod. B | C46: INST. GAS | D46: IIGG - Expediente para factibilidad de gas natural | E46: V 3.0 - PRELIMINAR A ENTREGA DEL EXPEDIENTE A REVISORES URBANOS | F46: 4 | H46: 4 | I46: -2 | J46: 0 | K46: OK
A47: LNM7 - 0525 - Surco - Arq. Edinson Rufasto | B47: Exp. Licencia mod. B | C47: INST. GAS | D47: IIGG - Tramitar expediente de fact. de GAS | E47: V 3.0 - PRELIMINAR A ENTREGA DEL EXPEDIENTE A REVISORES URBANOS | F47: 3 | H47: 3 | I47: -2 | J47: 0 | K47: OK
A48: LNM7 - 0525 - Surco - Arq. Edinson Rufasto | B48: Exp. Licencia mod. B | C48: INST. GAS | D48: IIGG - Revisión por Revisores | E48: V 3.1 - ENTREGA TÉCNICA FINAL DE EXPEDIENTE A REVISORES URBANOS | F48: 0 | H48: 0 | I48: 0 | J48: 0 | K48: OK
A49: LNM7 - 0525 - Surco - Arq. Edinson Rufasto | B49: Exp. Licencia mod. B | C49: INST. GAS | D49: IIGG - Revisión por Muni | E49: V 4.1 - ENTREGA DEL EXPEDIENTE A MUNICIPALIDAD | F49: 0 | H49: 0 | J49: 0 | K49: OK
A50: LNM7 - 0525 - Surco - Arq. Edinson Rufasto | B50: Exp. Licencia mod. B | C50: INST. MECANICAS | D50: MECÁNICAS - Planos de Sistema de extracción de monóxido | E50: V 3.0 - PRELIMINAR A ENTREGA DEL EXPEDIENTE A REVISORES URBANOS | F50: 5 | H50: 5 | J50: 0 | K50: OK
A51: LNM7 - 0525 - Surco - Arq. Edinson Rufasto | B51: Exp. Licencia mod. B | C51: INST. MECANICAS | D51: MECÁNICAS - Planos de Sistema de ventilación mecánica, presurización de escaleras | E51: V 3.0 - PRELIMINAR A ENTREGA DEL EXPEDIENTE A REVISORES URBANOS | F51: 5 | H51: 5 | I51: -3 | J51: 0 | K51: OK
A52: LNM7 - 0525 - Surco - Arq. Edinson Rufasto | B52: Exp. Licencia mod. B | C52: INST. MECANICAS | D52: MECÁNICAS - Memoria de mecánicas | E52: V 3.0 - PRELIMINAR A ENTREGA DEL EXPEDIENTE A REVISORES URBANOS | F52: 1 | H52: 1 | J52: 0 | K52: OK
A53: LNM7 - 0525 - Surco - Arq. Edinson Rufasto | B53: Exp. Licencia mod. B | C53: INST. MECANICAS | D53: MECÁNICAS - Reunión con cliente para exponerle | E53: V 3.0 - PRELIMINAR A ENTREGA DEL EXPEDIENTE A REVISORES URBANOS | F53: 0 | G53: 4 | H53: 4 | I53: -3 | J53: 0 | K53: OK
A54: LNM7 - 0525 - Surco - Arq. Edinson Rufasto | B54: Exp. Licencia mod. B | C54: INST. MECANICAS | D54: MECÁNICAS - Revisión por Revisores | E54: V 3.1 - ENTREGA TÉCNICA FINAL DE EXPEDIENTE A REVISORES URBANOS | F54: 0 | H54: 0 | J54: 0 | K54: OK
A55: LNM7 - 0525 - Surco - Arq. Edinson Rufasto | B55: Exp. Licencia mod. B | C55: INST. MECANICAS | D55: MECÁNICAS - Lev. de observaciones por revisores | E55: V 4.0 - PRELIMINAR A ENTREGA DEL EXPEDIENTE A MUNICIPALIDAD | F55: 4 | H55: 4 | J55: 4 | K55: OK
A56: LNM7 - 0525 - Surco - Arq. Edinson Rufasto | B56: Exp. Licencia mod. B | C56: INST. MECANICAS | D56: MECÁNICAS - Revisión por Muni | E56: V 4.1 - ENTREGA DEL EXPEDIENTE A MUNICIPALIDAD | F56: 0 | H56: 0 | J56: 0 | K56: OK
A57: LNM7 - 0525 - Surco - Arq. Edinson Rufasto | B57: Exp. Licencia mod. B | C57: INST. MECANICAS | D57: MECÁNICAS - Lev. de observaciones sanitarias por Muni | E57: V 4.1 - ENTREGA DEL EXPEDIENTE A MUNICIPALIDAD | F57: 4 | H57: 4 | J57: 4 | K57: OK
A58: LNM7 - 0525 - Surco - Arq. Edinson Rufasto | B58: Exp. Licencia mod. B | C58: GESTIÓN Y ADMINISTRACIÓN | D58: TAREAS ADMINISTRATIVAS - COORDINAR ENTREGA DE EXPEDIENTE CON CLIENTE | E58: V 4.0 - PRELIMINAR A ENTREGA DEL EXPEDIENTE A MUNICIPALIDAD | F58: 0.5 | G58: 0 | H58: 0.5 | I58: -0.5 | J58: 0 | K58: OK
H59: =SUM(MP_0525___Surco___Arq__Edin[TOTAL]) -> 169.5

Sheet MH-ONX8 - 0825 - Breña - Dario
A1: NOMBRE DE PROYECTO | B1: TIPO DE EXPEDIENTE | C1: ESPECIALIDAD | D1: PARTIDA | E1: VERSIÓN | F1: HORAS CALENDARIO TECNICOS LABORADOS PARA PERSONA CON RENDIMIENTO AL 100% | G1: HORAS CALENDARIO EN REUNIONES CON CLIENTES PARA PERSONA CON RENDIMIENTO AL 100% | H1: TOTAL | I1: HORAS ADICIONALES | J1: TOTAL HORAS RESTANTES | K1: Column11
A2: ONX8 - 0825 - Breña - Dario | B2: Exp. Obra + EMS | C2: ARQUITECTURA | D2: ARQUITECTURA - Memoria arquitectura | E2: V 2.0 - PRELIMINAR A ENTREGA DEL EXPEDIENTE | F2: 2 | H2: 2 | J2: 2 | K2: OK
A3: ONX8 - 0825 - Breña - Dario | B3: Exp. Obra + EMS | C3: ARQUITECTURA | D3: ARQUITECTURA - Memoria de seguridad | E3: V 2.0 - PRELIMINAR A ENTREGA DEL EXPEDIENTE | F3: 1 | H3: 1 | J3: 1 | K3: OK
A4: ONX8 - 0825 - Breña - Dario | B4: Exp. Obra + EMS | C4: ARQUITECTURA | D4: ARQUITECTURA - Bloque para especialidades | E4: V 2.0 - PRELIMINAR A ENTREGA DEL EXPEDIENTE | F4: 2 | H4: 2 | J4: 2 | K4: OK
A5: ONX8 - 0825 - Breña - Dario | B5: Exp. Obra + EMS | C5: ARQUITECTURA | D5: ARQUITECTURA - Propuesta de render 3D | E5: V 2.0 - PRELIMINAR A ENTREGA DEL EXPEDIENTE | F5: 1.5 | H5: 1.5 | J5: 1.5 | K5: OK
A6: ONX8 - 0825 - Breña - Dario | B6: Exp. Obra + EMS | C6: ARQUITECTURA | D6: TAREAS ADMINISTRATIVAS - Reunión para arquitectura de interiores | E6: V 1.0 - PRELIMINAR A LA APROBACIÓN ARQUITECTÓNICA | F6: 0 | G6: 10 | H6: 9.9916667 | J6: 9.9916667 | K6: OK
A7: ONX8 - 0825 - Breña - Dario | B7: Exp. Obra + EMS | C7: ARQUITECTURA | D7: ARQUITECTURA - Memoria arquitectura | E7: V 2.0 - PRELIMINAR A ENTREGA DEL EXPEDIENTE | F7: 0 | G7: 1 | H7: 1 | J7: 1 | K7: OK
A8: ONX8 - 0825 - Breña - Dario | B8: Exp. Obra + EMS | C8: ARQUITECTURA | D8: TAREAS ADMINISTRATIVAS - Reunión para aprobación de fachadas en 3D | E8: V 2.0 - PRELIMINAR A ENTREGA DEL EXPEDIENTE | F8: 0 | H8: 0 | J8: 0 | K8: OK
A9: ONX8 - 0825 - Breña - Dario | B9: Exp. Obra + EMS | C9: ARQUITECTURA | D9: TAREAS ADMINISTRATIVAS - Reunión para aprobación de fachadas en 3D | E9: V 2.0 - PRELIMINAR A ENTREGA DEL EXPEDIENTE | F9: 0 | H9: 0 | J9: 0 | K9: OK
A10: ONX8 - 0825 - Breña - Dario | B10: Exp. Obra + EMS | C10: ARQUITECTURA | D10: TAREAS ADMINISTRATIVAS - Reunión para aprobación de fachadas en 3D | E10: V 2.0 - PRELIMINAR A ENTREGA DEL EXPEDIENTE | F10: 0 | H10: 0 | J10: 0 | K10: OK
A11: ONX8 - 0825 - Breña - Dario | B11: Exp. Obra + EMS | C11: ARQUITECTURA | D11: TAREAS ADMINISTRATIVAS - Reunión para aprobación de fachadas en 3D | E11: V 2.0 - PRELIMINAR A ENTREGA DEL EXPEDIENTE | F11: 0 | H11: 0 | J11: 0 | K11: OK
A12: ONX8 - 0825 - Breña - Dario | B12: Exp. Obra + EMS | C12: ARQUITECTURA | D12: TAREAS ADMINISTRATIVAS - Reunión para aprobación de fachadas en 3D | E12: V 2.0 - PRELIMINAR A ENTREGA DEL EXPEDIENTE | F12: 0 | H12: 0 | J12: 0 | K12: OK
A13: ONX8 - 0825 - Breña - Dario | B13: Exp. Obra + EMS | C13: ARQUITECTURA | D13: TAREAS ADMINISTRATIVAS - Reunión para aprobación de fachadas en 3D | E13: V 2.0 - PRELIMINAR A ENTREGA DEL EXPEDIENTE | F13: 0 | H13: 0 | J13: 0 | K13: OK
A14: ONX8 - 0825 - Breña - Dario | B14: Exp. Obra + EMS | C14: ARQUITECTURA | D14: TAREAS ADMINISTRATIVAS - Reunión para aprobación de fachadas en 3D | E14: V 2.0 - PRELIMINAR A ENTREGA DEL EXPEDIENTE | F14: 0 | H14: 0 | J14: 0 | K14: OK
A15: ONX8 - 0825 - Breña - Dario | B15: Exp. Obra + EMS | C15: ARQUITECTURA | D15: TAREAS ADMINISTRATIVAS - Reunión para aprobación de fachadas en 3D | E15: V 2.0 - PRELIMINAR A ENTREGA DEL EXPEDIENTE | F15: 4 | H15: 4 | J15: 4 | K15: OK
A16: ONX8 - 0825 - Breña - Dario | B16: Exp. Obra + EMS | C16: ARQUITECTURA | D16: TAREAS ADMINISTRATIVAS - Reunión para aprobación de fachadas en 3D | E16: V 2.1 - ENTREGA TÉCNICA FINAL DE EXPEDIENTE | F16: 0 | H16: 0 | J16: 0 | K16: OK
A17: ONX8 - 0825 - Breña - Dario | B17: Exp. Obra + EMS | C17: ARQUITECTURA | D17: TAREAS ADMINISTRATIVAS - Reunión para aprobación de fachadas en 3D | E17: V 2.0 - PRELIMINAR A ENTREGA DEL EXPEDIENTE | F17: 1 | H17: 1 | J17: 1 | K17: OK
A18: ONX8 - 0825 - Breña - Dario | B18: Exp. Obra + EMS | C18: ARQUITECTURA | D18: TAREAS ADMINISTRATIVAS - Reunión para aprobación de fachadas en 3D | E18: V 2.0 - PRELIMINAR A ENTREGA DEL EXPEDIENTE | F18: 0.5 | H18: 0.5 | J18: 0.5 | K18: OK
C19: ARQUITECTURA | D19: TAREAS ADMINISTRATIVAS - Reunión para aprobación de fachadas en 3D

Sheet MH-ONM3-1125-Jicamarca-Giovann
A1: NOMBRE DE PROYECTO | B1: TIPO DE EXPEDIENTE | C1: ESPECIALIDAD | D1: PARTIDA | E1: VERSIÓN | F1: HORAS CALENDARIO TECNICOS LABORADOS PARA PERSONA CON RENDIMIENTO AL 100% | G1: HORAS CALENDARIO EN REUNIONES CON CLIENTES PARA PERSONA CON RENDIMIENTO AL 100% | H1: TOTAL | I1: HORAS ADICIONALES | J1: TOTAL HORAS RESTANTES | K1: Column11
A2: ONM3 - 1125 - Jicamarca - Giovanna Maldonado | B2: Exp. Obra + EMS | C2: ARQUITECTURA | D2: TAREAS ADMINISTRATIVAS - Corroborar bloque actualizado en todas las especialidades | E2: V 2.0 - PRELIMINAR A ENTREGA DEL EXPEDIENTE | F2: 0 | H2: 0 | J2: 0 | K2: OK
A3: ONM3 - 1125 - Jicamarca - Giovanna Maldonado | B3: Exp. Obra + EMS | C3: ESTRUCTURAS | D3: ESTRUCTURAS - Planos de diseño de aceros de encofrados | E3: V 2.0 - PRELIMINAR A ENTREGA DEL EXPEDIENTE | F3: 2 | H3: 2 | I3: -2 | J3: 0 | K3: OK
A4: ONM3 - 1125 - Jicamarca - Giovanna Maldonado | B4: Exp. Obra + EMS | C4: ESTRUCTURAS | D4: ESTRUCTURAS - Planos de encofrados de techos | E4: V 2.0 - PRELIMINAR A ENTREGA DEL EXPEDIENTE | F4: 3.5 | H4: 3.5 | I4: -3.5 | J4: 0 | K4: OK
A5: ONM3 - 1125 - Jicamarca - Giovanna Maldonado | B5: Exp. Obra + EMS | C5: ESTRUCTURAS | D5: ESTRUCTURAS - Detalle de placas | E5: V 2.0 - PRELIMINAR A ENTREGA DEL EXPEDIENTE | F5: 19.986667 | H5: 19.986667 | I5: -19.98 | J5: 0.0066666667 | K5: OK
A6: ONM3 - 1125 - Jicamarca - Giovanna Maldonado | B6: Exp. Obra + EMS | C6: ESTRUCTURAS | D6: ESTRUCTURAS - Cuadro de columnas | E6: V 2.0 - PRELIMINAR A ENTREGA DEL EXPEDIENTE | F6: 2 | H6: 2 | I6: -2 | J6: 0 | K6: OK
A7: ONM3 - 1125 - Jicamarca - Giovanna Maldonado | B7: Exp. Obra + EMS | C7: ESTRUCTURAS | D7: ESTRUCTURAS - Cuadro de vigas en encofrados | E7: V 2.0 - PRELIMINAR A ENTREGA DEL EXPEDIENTE | F7: 1 | H7: 1 | I7: -1 | J7: 0 | K7: OK
A8: ONM3 - 1125 - Jicamarca - Giovanna Maldonado | B8: Exp. Obra + EMS | C8: ESTRUCTURAS | D8: ESTRUCTURAS - Desarrollo de vigas | E8: V 2.0 - PRELIMINAR A ENTREGA DEL EXPEDIENTE | F8: 2 | H8: 2 | I8: -2 | J8: 0 | K8: OK
A9: ONM3 - 1125 - Jicamarca - Giovanna Maldonado | B9: Exp. Obra + EMS | C9: ESTRUCTURAS | D9: ESTRUCTURAS - Detalle y corte de cisterna | E9: V 2.0 - PRELIMINAR A ENTREGA DEL EXPEDIENTE | F9: 2 | H9: 2 | I9: -2 | J9: 0 | K9: OK
A10: ONM3 - 1125 - Jicamarca - Giovanna Maldonado | B10: Exp. Obra + EMS | C10: ESTRUCTURAS | D10: ESTRUCTURAS - Cortes de cimentación | E10: V 2.0 - PRELIMINAR A ENTREGA DEL EXPEDIENTE | F10: 1 | H10: 1 | I10: -1 | J10: 0 | K10: OK
A11: ONM3 - 1125 - Jicamarca - Giovanna Maldonado | B11: Exp. Obra + EMS | C11: ESTRUCTURAS | D11: ESTRUCTURAS - Especificaciones generales | E11: V 2.0 - PRELIMINAR A ENTREGA DEL EXPEDIENTE | F11: 0.5 | H11: 0.5 | I11: -0.5 | J11: 0 | K11: OK
A12: ONM3 - 1125 - Jicamarca - Giovanna Maldonado | B12: Exp. Obra + EMS | C12: ESTRUCTURAS | D12: ESTRUCTURAS - Memoria de cálculo estructural | E12: V 2.0 - PRELIMINAR A ENTREGA DEL EXPEDIENTE | F12: 2 | H12: 2 | I12: -2 | J12: 0 | K12: OK
A13: ONM3 - 1125 - Jicamarca - Giovanna Maldonado | B13: Exp. Obra + EMS | C13: ESTRUCTURAS | D13: ESTRUCTURAS - Compatibilización con especialidades | E13: V 2.0 - PRELIMINAR A ENTREGA DEL EXPEDIENTE | F13: 3 | H13: 3 | I13: -3 | J13: 0 | K13: OK
A14: ONM3 - 1125 - Jicamarca - Giovanna Maldonado | B14: Exp. Obra + EMS | C14: INST. ELECTRICAS | D14: IIEE - Propuesta de puntos | E14: V 1.0 - PRELIMINAR A LA APROBACIÓN ARQUITECTÓNICA | F14: 3 | H14: 3 | I14: -3 | J14: 0 | K14: OK
... A20: ONM3 - 1125 - Jicamarca - Giovanna Maldonado | B20: Exp. Obra + EMS | C20: GESTIÓN Y ADMINISTRACIÓN | D20: TAREAS ADMINISTRATIVAS - COORDINAR ENTREGA DE EXPEDIENTE CON CLIENTE | E20: V 2.0 - PRELIMINAR A ENTREGA DEL EXPEDIENTE | F20: 0 | H20: 0 | I20: 0 | J20: 0 | K20: OK

Sheet MH-LNC2-Cieneguilla-Sanny & Bry
A1: NOMBRE DE PROYECTO | B1: TIPO DE EXPEDIENTE | C1: ESPECIALIDAD | D1: PARTIDA | E1: VERSIÓN | F1: HORAS CALENDARIO TECNICOS LABORADOS PARA PERSONA CON RENDIMIENTO AL 100% | G1: HORAS CALENDARIO EN REUNIONES CON CLIENTES PARA PERSONA CON RENDIMIENTO AL 100% | H1: TOTAL | I1: HORAS ADICIONALES | J1: TOTAL HORAS RESTANTES | K1: Column11
A2: LNC2-Cieneguilla-Sanny & Bryan | B2: Exp. Licencia mod. B | C2: ARQUITECTURA | D2: ARQUITECTURA - Revision de Revisores | E2: V 2.1 - ENTREGA TÉCNICA FINAL DE EXPEDIENTE A REVISORES | F2: 0 | H2: 0 | J2: 0 | K2: OK
A3: LNC2-Cieneguilla-Sanny & Bryan | B3: Exp. Licencia mod. B | C3: ARQUITECTURA | D3: ARQUITECTURA - Lev. de Observaciones de revisores | E3: V 2.0 - PRELIMINAR A ENTREGA A REVISORES | F3: 5 | H3: 5 | I3: -5 | J3: 0 | K3: OK
A4: LNC2-Cieneguilla-Sanny & Bryan | B4: Exp. Licencia mod. B | C4: ARQUITECTURA | D4: TAREAS ADMINISTRATIVAS - Corroborar bloque actualizado en todas las especialidades | E4: V 3.0 - PRELIMINAR A ENTREGA A MUNI | F4: 0 | H4: 0 | J4: 0 | K4: OK
A5: LNC2-Cieneguilla-Sanny & Bryan | B5: Exp. Licencia mod. B | C5: ARQUITECTURA | D5: TAREAS ADMINISTRATIVAS - MANDAR A IMPRENTA 3 JUEGOS DE EXPEDIENTE A PLOTEAR | E5: V 3.0 - PRELIMINAR A ENTREGA A MUNI | F5: 3.5 | H5: 3.5 | J5: 3.5 | K5: OK
A6: LNC2-Cieneguilla-Sanny & Bryan | B6: Exp. Licencia mod. B | C6: ARQUITECTURA | D6: TAREAS ADMINISTRATIVAS - FIRMAR EXPEDIENTE | E6: V 3.0 - PRELIMINAR A ENTREGA A MUNI | F6: 4 | H6: 4 | J6: 4 | K6: OK
A7: LNC2-Cieneguilla-Sanny & Bryan | B7: Exp. Licencia mod. B | C7: ARQUITECTURA | D7: TAREAS ADMINISTRATIVAS - ESCANEA DE EXPEDIENTE A REVISORES | E7: V 3.0 - PRELIMINAR A ENTREGA A MUNI | F7: 0 | H7: 0 | J7: 0 | K7: OK
A8: LNC2-Cieneguilla-Sanny & Bryan | B8: Exp. Licencia mod. B | C8: ARQUITECTURA | D8: ARQUITECTURA - Lev. de observaciones de municipalidad | E8: V 3.0 - PRELIMINAR A ENTREGA A MUNI | F8: 5 | H8: 5 | J8: 5 | K8: OK
A9: LNC2-Cieneguilla-Sanny & Bryan | B9: Exp. Licencia mod. B | C9: ARQUITECTURA | D9: ARQUITECTURA - Revisión de municipalidad | E9: V 3.1 - ENTREGA TÉCNICA FINAL DE EXPEDIENTE A MUNI | F9: 0 | H9: 0 | J9: 0 | K9: OK
A10: LNC2-Cieneguilla-Sanny & Bryan | B10: Exp. Licencia mod. B | C10: ESTRUCTURAS | D10: ESTRUCTURAS - Revision de Revisores | E10: V 2.1 - ENTREGA TÉCNICA FINAL DE EXPEDIENTE A REVISORES | F10: 0 | H10: 0 | J10: 0 | K10: OK
A11: LNC2-Cieneguilla-Sanny & Bryan | B11: Exp. Licencia mod. B | C11: ESTRUCTURAS | D11: ESTRUCTURAS - Memoria de sostenimiento | E11: V 2.0 - PRELIMINAR A ENTREGA A REVISORES | F11: 1 | H11: 1 | I11: -1 | J11: 0 | K11: OK
A12: LNC2-Cieneguilla-Sanny & Bryan | B12: Exp. Licencia mod. B | C12: ESTRUCTURAS | D12: ESTRUCTURAS - Lev. de Observaciones de revisores | E12: V 3.0 - PRELIMINAR A ENTREGA A MUNI | F12: 9 | H12: 9 | J12: 9 | K12: OK
A13: LNC2-Cieneguilla-Sanny & Bryan | B13: Exp. Licencia mod. B | C13: ESTRUCTURAS | D13: ESTRUCTURAS - Revision de Municipalidad | E13: V 3.1 - ENTREGA TÉCNICA FINAL DE EXPEDIENTE A MUNI | F13: 0 | H13: 0 | J13: 0 | K13: OK
A14: LNC2-Cieneguilla-Sanny & Bryan | B14: Exp. Licencia mod. B | C14: ESTRUCTURAS | D14: ESTRUCTURAS - Lev. de Observaciones de Muni | E14: V 3.0 - PRELIMINAR A ENTREGA A MUNI | F14: 9 | H14: 9 | J14: 9 | K14: OK
A15: LNC2-Cieneguilla-Sanny & Bryan | B15: Exp. Licencia mod. B | C15: INST. ELECTRICAS | D15: IIEE - Revision de Revisores | E15: V 2.1 - ENTREGA TÉCNICA FINAL DE EXPEDIENTE A REVISORES | F15: 0 | H15: 0 | J15: 0 | K15: OK
A16: LNC2-Cieneguilla-Sanny & Bryan | B16: Exp. Licencia mod. B | C16: INST. ELECTRICAS | D16: IIEE - Lev. de Observaciones de revisores | E16: V 3.0 - PRELIMINAR A ENTREGA A MUNI | F16: 5 | H16: 5 | J16: 5 | K16: OK
A17: LNC2-Cieneguilla-Sanny & Bryan | B17: Exp. Licencia mod. B | C17: INST. ELECTRICAS | D17: IIEE - Lev. de Observaciones de Muni | E17: V 3.0 - PRELIMINAR A ENTREGA A MUNI | F17: 5 | H17: 5 | J17: 5 | K17: OK
A18: LNC2-Cieneguilla-Sanny & Bryan | B18: Exp. Licencia mod. B | C18: INST. ELECTRICAS | D18: IIEE - Revision de Municipalidad | E18: V 3.1 - ENTREGA TÉCNICA FINAL DE EXPEDIENTE A MUNI | F18: 0 | H18: 0 | J18: 0 | K18: OK
A19: LNC2-Cieneguilla-Sanny & Bryan | B19: Exp. Licencia mod. B | C19: INST. SANITARIAS | D19: IISS - Revision de Revisores | E19: V 2.1 - ENTREGA TÉCNICA FINAL DE EXPEDIENTE A REVISORES | F19: 0 | H19: 0 | J19: 0 | K19: OK
A20: LNC2-Cieneguilla-Sanny & Bryan | B20: Exp. Licencia mod. B | C20: INST. SANITARIAS | D20: IISS - Lev. de Observaciones de revisores | E20: V 3.0 - PRELIMINAR A ENTREGA A MUNI | F20: 5 | H20: 5 | J20: 5 | K20: OK
A21: LNC2-Cieneguilla-Sanny & Bryan | B21: Exp. Licencia mod. B | C21: INST. SANITARIAS | D21: IISS - Lev. de Observaciones de Muni | E21: V 3.0 - PRELIMINAR A ENTREGA A MUNI | F21: 5 | H21: 5 | J21: 5 | K21: OK
A22: LNC2-Cieneguilla-Sanny & Bryan | B22: Exp. Licencia mod. B | C22: INST. SANITARIAS | D22: IISS - Revision de Municipalidad | E22: V 3.1 - ENTREGA TÉCNICA FINAL DE EXPEDIENTE A MUNI | F22: 0 | H22: 0 | J22: 0 | K22: OK
A23: LNC2-Cieneguilla-Sanny & Bryan | B23: Exp. Licencia mod. B | C23: GESTIÓN Y ADMINISTRACIÓN | D23: TAREAS ADMINISTRATIVAS - ENTREGA DE EXPEDIENTE FINAL FIRMADO A MUNICIPALIDAD | E23: V 3.1 - ENTREGA TÉCNICA FINAL DE EXPEDIENTE A MUNI | F23: 0 | H23: 0 | J23: 0 | K23: OK
A24: LNC2-Cieneguilla-Sanny & Bryan | B24: Exp. Licencia mod. B | C24: GESTIÓN Y ADMINISTRACIÓN | D24: TAREAS ADMINISTRATIVAS - EMISIÓN DE LICENCIA DE EDIFICACIÓN | E24: V 3.1 - ENTREGA TÉCNICA FINAL DE EXPEDIENTE A MUNI | F24: 5 | H24: 5 | J24: 5 | K24: OK

Sheet MH-LNM5_0425-SAN MIGUEL-CAR
A1: NOMBRE DE PROYECTO | B1: TIPO DE EXPEDIENTE | C1: ESPECIALIDAD | D1: PARTIDA | E1: VERSIÓN | F1: HORAS CALENDARIO TECNICOS LABORADOS PARA PERSONA CON RENDIMIENTO AL 100% | G1: HORAS CALENDARIO EN REUNIONES CON CLIENTES PARA PERSONA CON RENDIMIENTO AL 100% | H1: TOTAL | I1: HORAS ADICIONALES | J1: TOTAL HORAS RESTANTES | K1: Column11
A2: LNM5_0425 - SAN MIGUEL - CARLOS Y ANA. | B2: Exp. Licencia mod. B | C2: ARQUITECTURA | D2: TAREAS ADMINISTRATIVAS - Reunión para aprobación de fachadas en 3D | E2: V 3.0 - PRELIMINAR A ENTREGA A MUNI | F2: 0 | G2: 3 | H2: 3 | J2: 3 | K2: OK
A3: LNM5_0425 - SAN MIGUEL - CARLOS Y ANA. | B3: Exp. Licencia mod. B | C3: ARQUITECTURA | D3: ARQUITECTURA - Render 3D | E3: V 3.0 - PRELIMINAR A ENTREGA A MUNI | F3: 30 | H3: 30 | J3: 30 | K3: OK
A4: LNM5_0425 - SAN MIGUEL - CARLOS Y ANA. | B4: Exp. Licencia mod. B | C4: ARQUITECTURA | D4: TAREAS ADMINISTRATIVAS - Corroborar membrete de todas las especialidades | E4: V 3.0 - PRELIMINAR A ENTREGA A MUNI | F4: 4 | H4: 4 | J4: 4 | K4: OK
A5: LNM5_0425 - SAN MIGUEL - CARLOS Y ANA. | B5: Exp. Licencia mod. B | C5: ARQUITECTURA | D5: TAREAS ADMINISTRATIVAS - MANDAR A IMPRENTA PLANOS A PLOTEAR | E5: V 3.0 - PRELIMINAR A ENTREGA A MUNI | F5: 3 | H5: 3 | J5: 3 | K5: OK
A6: LNM5_0425 - SAN MIGUEL - CARLOS Y ANA. | B6: Exp. Licencia mod. B | C6: ARQUITECTURA | D6: TAREAS ADMINISTRATIVAS - FIRMAR PLANOS | E6: V 3.0 - PRELIMINAR A ENTREGA A MUNI | F6: 3 | H6: 3 | J6: 3 | K6: OK
A7: LNM5_0425 - SAN MIGUEL - CARLOS Y ANA. | B7: Exp. Licencia mod. B | C7: ARQUITECTURA | D7: ARQUITECTURA - Lev. de observaciones del cliente | E7: V 3.0 - PRELIMINAR A ENTREGA A MUNI | F7: 3 | H7: 3 | J7: 3 | K7: OK
A8: LNM5_0425 - SAN MIGUEL - CARLOS Y ANA. | B8: Exp. Licencia mod. B | C8: ARQUITECTURA | D8: ARQUITECTURA - Lev. de observaciones de Muni | E8: V 3.0 - PRELIMINAR A ENTREGA A MUNI | F8: 4 | H8: 4 | J8: 4 | K8: OK
A9: LNM5_0425 - SAN MIGUEL - CARLOS Y ANA. | B9: Exp. Licencia mod. B | C9: ARQUITECTURA | D9: ARQUITECTURAS - Rev. de Municipalidad | E9: V 3.1 - ENTREGA TÉCNICA FINAL A MUNI | F9: 4 | H9: 4 | J9: 4 | K9: OK
A10: LNM5_0425 - SAN MIGUEL - CARLOS Y ANA. | B10: Exp. Licencia mod. B | C10: ESTRUCTURAS | D10: ESTRUCTURAS - Rev. de Revisores urbanos | E10: V 2.1 - ENTREGA TÉCNICA FINAL A REVISORES | F10: 0 | H10: 0 | J10: 0 | K10: OK
A11: LNM5_0425 - SAN MIGUEL - CARLOS Y ANA. | B11: Exp. Licencia mod. B | C11: ESTRUCTURAS | D11: ESTRUCTURAS - Lev. de revisores urbanos | E11: V 3.0 - PRELIMINAR A ENTREGA A MUNI | F11: 0 | H11: 0 | J11: 0 | K11: OK
A12: LNM5_0425 - SAN MIGUEL - CARLOS Y ANA. | B12: Exp. Licencia mod. B | C12: ESTRUCTURAS | D12: ESTRUCTURAS - Lev. de observaciones de Muni | E12: V 3.0 - PRELIMINAR A ENTREGA A MUNI | F12: 4 | H12: 4 | J12: 4 | K12: OK
A13: LNM5_0425 - SAN MIGUEL - CARLOS Y ANA. | B13: Exp. Licencia mod. B | C13: ESTRUCTURAS | D13: ESTRUCTURAS - Rev. de Municipalidad | E13: V 3.1 - ENTREGA TÉCNICA FINAL A MUNI | F13: 4 | H13: 4 | J13: 4 | K13: OK
A14: LNM5_0425 - SAN MIGUEL - CARLOS Y ANA. | B14: Exp. Licencia mod. B | C14: INST. SANITARIAS | D14: SANITARIAS - Lev. de revisores urbanos | E14: V 3.0 - PRELIMINAR A ENTREGA A MUNI | F14: 4 | H14: 4 | J14: 0 | K14: OK
... A23: LNM5_0425 - SAN MIGUEL - CARLOS Y ANA. | B23: Exp. Licencia mod. B | C23: INST. GAS | D23: IIGG - Rev. de Municipalidad | E23: V 3.1 - ENTREGA TÉCNICA FINAL A MUNI | F23: 0 | H23: 0 | J23: 0 | K23: OK
A24: LNM5_0425 - SAN MIGUEL - CARLOS Y ANA. | B24: Exp. Licencia mod. B | C24: GESTIÓN Y ADMINISTRACIÓN | D24: TAREAS ADMINISTRATIVAS - COORDINAR ENTREGA DE EXPEDIENTE CON CLIENTE | E24: V 3.0 - PRELIMINAR A ENTREGA A MUNI | F24: 0 | H24: 0

Sheet MH-LNX1 - 0325 - Breña - Juan C
A1: NOMBRE DE PROYECTO | B1: TIPO DE EXPEDIENTE | C1: ESPECIALIDAD | D1: PARTIDA | E1: VERSIÓN | F1: HORAS CALENDARIO TECNICOS LABORADOS PARA PERSONA CON RENDIMIENTO AL 100% | G1: HORAS CALENDARIO EN REUNIONES CON CLIENTES PARA PERSONA CON RENDIMIENTO AL 100% | H1: TOTAL | I1: HORAS ADICIONALES | J1: TOTAL HORAS RESTANTES | K1: Column11 | L1: Column12 | M1: Column13 | N1: Column14 | O1: Column15 | P1: Column16 | Q1: Column17 | R1: Column18 | S1: Column19 | T1: Column20 | U1: Column21 | V1: Column22 | W1: Column23 | X1: Column24 | Y1: Column25 | Z1: Column26 | AA1: Column27 | AB1: Column28 | AC1: Column29 | AD1: Column30 | AE1: Column31 | AF1: Column32 | AG1: Column33 | AH1: Column34 | AI1: Column35 | AJ1: Column36 | AK1: Column37 | AL1: Column38 | AM1: Column39 | AN1: Column40 | AO1: Column41 | AP1: Column42 | AQ1: Column43 | AR1: Column44 | AS1: Column45 | AT1: Column46 | AU1: Column47 | AV1: Column48 | AW1: Column49 | AX1: Column50 | AY1: Column51 | AZ1: Column52 | BA1: Column53 | BB1: Column54 | BC1: Column55 | BD1: Column56 | BE1: Column57 | BF1: Column58 | BG1: Column59
A2: LNX1 - 0325 - Breña - Juan Cano | B2: Exp. Licencia mod. B | C2: ESTRUCTURAS | D2: ESTRUCTURAS - Lev. de observaciones de Muni | E2: V 2.0 - PRELIMINAR A ENTREGA A LA MUNI | F2: 1 | H2: 1 | J2: 0 | K2: OK
A3: LNX1 - 0325 - Breña - Juan Cano | B3: Exp. Licencia mod. B | C3: ESTRUCTURAS | D3: ESTRUCTURAS - Revisión de municipalidad | E3: V 2.0 - PRELIMINAR A ENTREGA A LA MUNI | H3: 0 | J3: 0 | K3: OK
A4: LNX1 - 0325 - Breña - Juan Cano | B4: Exp. Licencia mod. B | C4: GESTIÓN Y ADMINISTRACIÓN | D4: TAREAS ADMINISTRATIVAS - COORDINAR ENTREGA DE EXPEDIENTE CON CLIENTE | E4: V 2.0 - PRELIMINAR A ENTREGA A LA MUNI | F4: 0 | H4: 0 | J4: 0 | K4: OK | N4: 0 | O4: 0 | R4: 0 | S4: 0 | V4: 0 | W4: 0 | Z4: 0 | AA4: 0 | AD4: 0 | AE4: 0 | AH4: 0 | AI4: 0 | AL4: 0 | AM4: 0 | AP4: 0 | AQ4: 0 | AT4: 0 | AU4: 0 | AX4: 0 | AY4: 0 | BB4: 0 | BC4: 0 | BF4: 0 | BG4: 0
A5: LNX1 - 0325 - Breña - Juan Cano | B5: Exp. Licencia mod. B | C5: GESTIÓN Y ADMINISTRACIÓN | D5: TAREAS ADMINISTRATIVAS - EMISION DE LA LICENCIA DE EDIFICACIÓN | E5: V 2.1 - ENTREGA TÉCNICA FINAL A MUNI | F5: 0 | H5: 0 | J5: 0 | K5: OK

Sheet MH-LNM7 - 0925 - Cedros - Ninah
A1: NOMBRE DE PROYECTO | B1: TIPO DE EXPEDIENTE | C1: ESPECIALIDAD | D1: PARTIDA | E1: VERSIÓN | F1: HORAS CALENDARIO TECNICOS LABORADOS PARA PERSONA CON RENDIMIENTO AL 100% | G1: HORAS CALENDARIO EN REUNIONES CON CLIENTES PARA PERSONA CON RENDIMIENTO AL 100% | H1: TOTAL | I1: HORAS ADICIONALES | J1: TOTAL HORAS RESTANTES | K1: Column11
A2: LNM7 - 0925 - Cedros de Villa Chorrillos - Arq. Martin Ninahuanca | B2: Exp. Licencia mod. B | C2: ARQUITECTURA | D2: ARQUITECTURA - Revision de Revisores | E2: V 2.1 - ENTREGA TÉCNICA FINAL DE EXPEDIENTE A REVISORES | F2: 0 | G2: 0 | H2: 0 | J2: 0 | K2: OK
A3: LNM7 - 0925 - Cedros de Villa Chorrillos - Arq. Martin Ninahuanca | B3: Exp. Licencia mod. B | C3: ARQUITECTURA | D3: ARQUITECTURA - Lev. de Observaciones de revisores | E3: V 3.0 - PRELIMINAR A ENTREGA A MUNI | F3: 5 | G3: 0 | H3: 5 | I3: -5 | J3: 0 | K3: OK
A4: LNM7 - 0925 - Cedros de Villa Chorrillos - Arq. Martin Ninahuanca | B4: Exp. Licencia mod. B | C4: ARQUITECTURA | D4: TAREAS ADMINISTRATIVAS - Corroborar bloque actualizado en todas las especialidades | E4: V 3.0 - PRELIMINAR A ENTREGA A MUNI | F4: 0 | G4: 0 | H4: 0 | J4: 0 | K4: OK
A5: LNM7 - 0925 - Cedros de Villa Chorrillos - Arq. Martin Ninahuanca | B5: Exp. Licencia mod. B | C5: ARQUITECTURA | D5: TAREAS ADMINISTRATIVAS - MANDAR A IMPRENTA 3 JUEGOS DE EXPEDIENTE A PLOTEAR | E5: V 3.0 - PRELIMINAR A ENTREGA A MUNI | F5: 3.5 | G5: 0 | H5: 3.5 | J5: 3.5 | K5: OK
A6: LNM7 - 0925 - Cedros de Villa Chorrillos - Arq. Martin Ninahuanca | B6: Exp. Licencia mod. B | C6: ARQUITECTURA | D6: TAREAS ADMINISTRATIVAS - FIRMAR EXPEDIENTE | E6: V 3.0 - PRELIMINAR A ENTREGA A MUNI | F6: 4 | G6: 0 | H6: 4 | J6: 4 | K6: OK
A7: LNM7 - 0925 - Cedros de Villa Chorrillos - Arq. Martin Ninahuanca | B7: Exp. Licencia mod. B | C7: ARQUITECTURA | D7: TAREAS ADMINISTRATIVAS - ESCANEA DE EXPEDIENTE A REVISORES | E7: V 3.0 - PRELIMINAR A ENTREGA A MUNI | F7: 0 | G7: 0 | H7: 0 | J7: 0 | K7: OK
A8: LNM7 - 0925 - Cedros de Villa Chorrillos - Arq. Martin Ninahuanca | B8: Exp. Licencia mod. B | C8: ARQUITECTURA | D8: ARQUITECTURA - Lev. de observaciones de municipalidad | E8: V 3.0 - PRELIMINAR A ENTREGA A MUNI | F8: 5 | G8: 0 | H8: 5 | J8: 5 | K8: OK
A9: LNM7 - 0925 - Cedros de Villa Chorrillos - Arq. Martin Ninahuanca | B9: Exp. Licencia mod. B | C9: ARQUITECTURA | D9: ARQUITECTURA - Revisión de municipalidad | E9: V 3.1 - ENTREGA TÉCNICA FINAL DE EXPEDIENTE A MUNI | F9: 0 | G9: 0 | H9: 0 | J9: 0 | K9: OK
A10: LNM7 - 0925 - Cedros de Villa Chorrillos - Arq. Martin Ninahuanca | B10: Exp. Licencia mod. B | C10: ESTRUCTURAS | D10: ESTRUCTURAS - Revision de Revisores | E10: V 2.1 - ENTREGA TÉCNICA FINAL DE EXPEDIENTE A REVISORES | F10: 0 | G10: 0 | H10: 0 | J10: 0 | K10: OK
A11: LNM7 - 0925 - Cedros de Villa Chorrillos - Arq. Martin Ninahuanca | B11: Exp. Licencia mod. B | C11: ESTRUCTURAS | D11: ESTRUCTURAS - Lev. de Observaciones de revisores | E11: V 3.0 - PRELIMINAR A ENTREGA A MUNI | F11: 9 | G11: 0 | H11: 9 | I11: -9 | J11: 0 | K11: OK
A12: LNM7 - 0925 - Cedros de Villa Chorrillos - Arq. Martin Ninahuanca | B12: Exp. Licencia mod. B | C12: ESTRUCTURAS | D12: ESTRUCTURAS - Revision de Municipalidad | E12: V 3.1 - ENTREGA TÉCNICA FINAL DE EXPEDIENTE A MUNI | F12: 0 | G12: 0 | H12: 0 | J12: 0 | K12: OK
A13: LNM7 - 0925 - Cedros de Villa Chorrillos - Arq. Martin Ninahuanca | B13: Exp. Licencia mod. B | C13: ESTRUCTURAS | D13: ESTRUCTURAS - Lev. de Observaciones de Muni | E13: V 3.0 - PRELIMINAR A ENTREGA A MUNI | F13: 9 | G13: 0 | H13: 9 | J13: 9 | K13: OK
A14: LNM7 - 0925 - Cedros de Villa Chorrillos - Arq. Martin Ninahuanca | B14: Exp. Licencia mod. B | C14: INST. ELECTRICAS | D14: IIEE - Revision de Revisores | E14: V 2.1 - ENTREGA TÉCNICA FINAL DE EXPEDIENTE A REVISORES | F14: 0 | G14: 0 | H14: 0 | J14: 0 | K14: OK
A15: LNM7 - 0925 - Cedros de Villa Chorrillos - Arq. Martin Ninahuanca | B15: Exp. Licencia mod. B | C15: INST. ELECTRICAS | D15: IIEE - Lev. de Observaciones de revisores | E15: V 3.0 - PRELIMINAR A ENTREGA A MUNI | F15: 5 | G15: 0 | H15: 5 | I15: -5 | J15: 0 | K15: OK
A16: LNM7 - 0925 - Cedros de Villa Chorrillos - Arq. Martin Ninahuanca | B16: Exp. Licencia mod. B | C16: INST. ELECTRICAS | D16: IIEE - Lev. de Observaciones de Muni | E16: V 3.0 - PRELIMINAR A ENTREGA A MUNI | F16: 5 | G16: 0 | H16: 5 | J16: 5 | K16: OK
A17: LNM7 - 0925 - Cedros de Villa Chorrillos - Arq. Martin Ninahuanca | B17: Exp. Licencia mod. B | C17: INST. ELECTRICAS | D17: IIEE - Revision de Municipalidad | E17: V 3.1 - ENTREGA TÉCNICA FINAL DE EXPEDIENTE A MUNI | F17: 0 | G17: 0 | H17: 0 | J17: 0 | K17: OK
A18: LNM7 - 0925 - Cedros de Villa Chorrillos - Arq. Martin Ninahuanca | B18: Exp. Licencia mod. B | C18: INST. SANITARIAS | D18: IISS - Revision de Revisores | E18: V 2.1 - ENTREGA TÉCNICA FINAL DE EXPEDIENTE A REVISORES | F18: 0 | G18: 0 | H18: 0 | J18: 0 | K18: OK
A19: LNM7 - 0925 - Cedros de Villa Chorrillos - Arq. Martin Ninahuanca | B19: Exp. Licencia mod. B | C19: INST. SANITARIAS | D19: IISS - Lev. de Observaciones de revisores | E19: V 3.0 - PRELIMINAR A ENTREGA A MUNI | F19: 4 | G19: 0 | H19: 4 | I19: -4 | J19: 0 | K19: OK
A20: LNM7 - 0925 - Cedros de Villa Chorrillos - Arq. Martin Ninahuanca | B20: Exp. Licencia mod. B | C20: INST. SANITARIAS | D20: IISS - Lev. de Observaciones de Muni | E20: V 3.0 - PRELIMINAR A ENTREGA A MUNI | F20: 4 | G20: 0 | H20: 4 | J20: 4 | K20: OK
A21: LNM7 - 0925 - Cedros de Villa Chorrillos - Arq. Martin Ninahuanca | B21: Exp. Licencia mod. B | C21: INST. SANITARIAS | D21: IISS - Revision de Municipalidad | E21: V 3.1 - ENTREGA TÉCNICA FINAL DE EXPEDIENTE A MUNI | F21: 0 | G21: 0 | H21: 0 | J21: 0 | K21: OK
A22: LNM7 - 0925 - Cedros de Villa Chorrillos - Arq. Martin Ninahuanca | B22: Exp. Licencia mod. B | C22: INST. GAS | D22: GAS - Revision de Revisores | E22: V 2.1 - ENTREGA TÉCNICA FINAL DE EXPEDIENTE A REVISORES | F22: 0 | G22: 0 | H22: 0 | J22: 0 | K22: OK
A23: LNM7 - 0925 - Cedros de Villa Chorrillos - Arq. Martin Ninahuanca | B23: Exp. Licencia mod. B | C23: INST. GAS | D23: GAS - Revisión de municipalidad | E23: V 3.1 - ENTREGA TÉCNICA FINAL DE EXPEDIENTE A MUNI | F23: 0 | G23: 0 | H23: 0 | J23: 0 | K23: OK
A24: LNM7 - 0925 - Cedros de Villa Chorrillos - Arq. Martin Ninahuanca | B24: Exp. Licencia mod. B | C24: GESTIÓN Y ADMINISTRACIÓN | D24: TAREAS ADMINISTRATIVAS - ENTREGA DE EXPEDIENTE FINAL FIRMADO A MUNICIPALIDAD | E24: V 3.1 - ENTREGA TÉCNICA FINAL DE EXPEDIENTE A MUNI | F24: 0 | G24: 0 | H24: 0 | J24: 0 | K24: OK
A25: LNM7 - 0925 - Cedros de Villa Chorrillos - Arq. Martin Ninahuanca | B25: Exp. Licencia mod. B | C25: GESTIÓN Y ADMINISTRACIÓN | D25: TAREAS ADMINISTRATIVAS - EMISIÓN DE LICENCIA DE EDIFICACIÓN | E25: V 3.1 - ENTREGA TÉCNICA FINAL DE EXPEDIENTE A MUNI | F25: 0 | G25: 0 | H25: 0 | J25: 0 | K25: OK

Sheet MH-ONC2_0725-SAN ANTONIO-PEDRO
A1: NOMBRE DE PROYECTO | B1: TIPO DE EXPEDIENTE | C1: ESPECIALIDAD | D1: PARTIDA | E1: VERSIÓN | F1: HORAS CALENDARIO TECNICOS LABORADOS PARA PERSONA CON RENDIMIENTO AL 100% | G1: HORAS CALENDARIO EN REUNIONES CON CLIENTES PARA PERSONA CON RENDIMIENTO AL 100% | H1: TOTAL | I1: HORAS ADICIONALES | J1: TOTAL HORAS RESTANTES | K1: Column11
A2: LNC2_0725 - SAN ANTONIO - PEDRO | B2: Exp. Licencia mod. B | C2: ARQUITECTURA | D2: GESTION DIRECTA - MANDAR A PLOTEAR A IMPRENTA 3 JUEGO DE EXPEDIENTE PARA CONDOMINIO | E2: V 2.0 - PRELIMINAR A ENTREGA DEL EXPEDIENTE A CONDOMINIO | F2: 2 | H2: 2 | J2: 2 | K2: OK
A3: LNC2_0725 - SAN ANTONIO - PEDRO | B3: Exp. Licencia mod. B | C3: ARQUITECTURA | D3: GESTION DIRECTA - FIRMA DE EXPEDIENTE DE CONDOMINIO | E3: V 2.0 - PRELIMINAR A ENTREGA DEL EXPEDIENTE A CONDOMINIO | F3: 3 | H3: 3 | J3: 3 | K3: OK
A4: LNC2_0725 - SAN ANTONIO - PEDRO | B4: Exp. Licencia mod. B | C4: ARQUITECTURA | D4: ARQUITECTURA - Presupuesto | E4: V 3.0 - PRELIMINAR A ENTREGA DEL EXPEDIENTE A MUNICIPALIDAD | F4: 1 | H4: 1 | J4: 1 | K4: OK
A5: LNC2_0725 - SAN ANTONIO - PEDRO | B5: Exp. Licencia mod. B | C5: ARQUITECTURA | D5: ARQUITECTURA - Llenar FUE (Formulario Único de Edificaciones) | E5: V 3.0 - PRELIMINAR A ENTREGA DEL EXPEDIENTE A MUNICIPALIDAD | F5: 1 | H5: 1 | J5: 1 | K5: OK
A6: LNC2_0725 - SAN ANTONIO - PEDRO | B6: Exp. Licencia mod. B | C6: ARQUITECTURA | D6: GESTION DIRECTA - MANDAR A PLOTEAR A IMPRENTA 3 JUEGO DE EXPEDIENTE PARA MUNI | E6: V 3.0 - PRELIMINAR A ENTREGA DEL EXPEDIENTE A MUNICIPALIDAD | F6: 2 | H6: 2 | J6: 2 | K6: OK
A7: LNC2_0725 - SAN ANTONIO - PEDRO | B7: Exp. Licencia mod. B | C7: ARQUITECTURA | D7: GESTION DIRECTA - FIRMA DE EXPEDIENTE MUNI | E7: V 3.0 - PRELIMINAR A ENTREGA DEL EXPEDIENTE A MUNICIPALIDAD | F7: 2 | H7: 2 | J7: 2 | K7: OK
A8: LNC2_0725 - SAN ANTONIO - PEDRO | B8: Exp. Licencia mod. B | C8: ARQUITECTURA | D8: ARQUITECTURA - Levantamiento de observaciones municipalidad | E8: V 3.0 - PRELIMINAR A ENTREGA DEL EXPEDIENTE A MUNICIPALIDAD | F8: 3 | H8: 3 | J8: 3 | K8: OK
A9: LNC2_0725 - SAN ANTONIO - PEDRO | B9: Exp. Licencia mod. B | C9: ARQUITECTURA | D9: ARQUITECTURA - Revisión de municipalidad | E9: V 3.1 - ENTREGA TÉCNICA FINAL DE EXPEDIENTE A MUNICIPALIDAD | F9: 0 | H9: 0 | J9: 0 | K9: OK
A10: LNC2_0725 - SAN ANTONIO - PEDRO | B10: Exp. Licencia mod. B | C10: ESTRUCTURAS | D10: ESTRUCTURAS - Lev. De observaciones | E10: V 3.0 - PRELIMINAR A ENTREGA DEL EXPEDIENTE A MUNICIPALIDAD | F10: 4 | H10: 4 | J10: 4 | K10: OK
A11: LNC2_0725 - SAN ANTONIO - PEDRO | B11: Exp. Licencia mod. B | C11: ESTRUCTURAS | D11: ESTRUCTURAS - Revisión de municipalidad | E11: V 3.1 - ENTREGA TÉCNICA FINAL DE EXPEDIENTE A MUNICIPALIDAD | F11: 0 | H11: 0 | J11: 0 | K11: OK
A12: LNC2_0725 - SAN ANTONIO - PEDRO | B12: Exp. Licencia mod. B | C12: INST. ELECTRICAS | D12: IIEE - Levantamiento de observaciones de Muni | E12: V 3.0 - PRELIMINAR A ENTREGA DEL EXPEDIENTE A MUNICIPALIDAD | F12: 5 | H12: 5 | J12: 5 | K12: OK
A13: LNC2_0725 - SAN ANTONIO - PEDRO | B13: Exp. Licencia mod. B | C13: INST. ELECTRICAS | D13: IIEE - Revisión de municipalidad | E13: V 3.1 - ENTREGA TÉCNICA FINAL DE EXPEDIENTE A MUNICIPALIDAD | F13: 0 | H13: 0 | J13: 0 | K13: OK
... A17: LNC2_0725 - SAN ANTONIO - PEDRO | B17: Exp. Licencia mod. B | C17: SUELOS | D17: EMS - Informe de EMS | E17: V 3.0 - PRELIMINAR A ENTREGA DEL EXPEDIENTE A MUNICIPALIDAD | F17: 2 | H17: 2 | J17: 2 | K17: OK

Sheet MH-LNM5 - San Miguel - Ing  Mar
A1: NOMBRE DE PROYECTO | B1: TIPO DE EXPEDIENTE | C1: ESPECIALIDAD | D1: PARTIDA | E1: VERSIÓN | F1: HORAS CALENDARIO TECNICOS LABORADOS PARA PERSONA CON RENDIMIENTO AL 100% | G1: HORAS CALENDARIO EN REUNIONES CON CLIENTES PARA PERSONA CON RENDIMIENTO AL 100% | H1: TOTAL | I1: HORAS ADICIONALES | J1: TOTAL HORAS RESTANTES | K1: Column11
A2: LNM5 - San Miguel - Ing. Mario Martín | B2: Exp. Licencia mod. B | C2: GESTIÓN Y ADMINISTRACIÓN | D2: INGRESAR EXPEDIENTE A MUNICIPALIDAD | E2: V 3.1 - ENTREGA TÉCNICA FINAL DE EXPEDIENTE A MUNICIPALIDAD | F2: 4 | H2: 4 | J2: 0 | K2: OK
A3: LNM5 - San Miguel - Ing. Mario Martín | B3: Exp. Licencia mod. B | C3: GESTIÓN Y ADMINISTRACIÓN | D3: TRAMITES ADMINISTRATIVOS - REVISIÓN DE EXP. POR MUNICIPALIDAD | E3: V 3.1 - ENTREGA TÉCNICA FINAL DE EXPEDIENTE A MUNICIPALIDAD | F3: 0 | H3: 0 | J3: 0 | K3: OK

Sheet MH-ORX5-1125-Surquillo-LuzSuare
A1: NOMBRE DE PROYECTO | B1: TIPO DE EXPEDIENTE | C1: ESPECIALIDAD | D1: PARTIDA | E1: VERSIÓN | F1: HORAS CALENDARIO TECNICOS LABORADOS PARA PERSONA CON RENDIMIENTO AL 100% | G1: HORAS CALENDARIO EN REUNIONES CON CLIENTES PARA PERSONA CON RENDIMIENTO AL 100% | H1: TOTAL | I1: HORAS ADICIONALES | J1: TOTAL HORAS RESTANTES | K1: Column11
A2: ORX5 - 1125 - Surquillo - Luz suarez | B2: Exp. Obra (COMERCIO) | C2: ARQUITECTURA | D2: ARQUITECTURA - Modificar arquitectura | E2: V 2.0 - PRELIMINAR A ENTREGA DEL EXPEDIENTE | F2: 5 | H2: 5 | J2: 5 | K2: OK
A3: ORX5 - 1125 - Surquillo - Luz suarez | B3: Exp. Obra (COMERCIO) | C3: ARQUITECTURA | D3: TAREAS ADMINISTRATIVAS - MANDAR A IMPRENTA PLANOS A PLOTEAR | E3: V 2.0 - PRELIMINAR A ENTREGA DEL EXPEDIENTE | F3: 0 | H3: 0 | J3: 0 | K3: OK
A4: ORX5 - 1125 - Surquillo - Luz suarez | B4: Exp. Obra (COMERCIO) | C4: ARQUITECTURA | D4: ARQUITECTURA - Memoria de seguridad | E4: V 2.0 - PRELIMINAR A ENTREGA DEL EXPEDIENTE | F4: 1 | H4: 1 | J4: 1 | K4: OK
A5: ORX5 - 1125 - Surquillo - Luz suarez | B5: Exp. Obra (COMERCIO) | C5: ARQUITECTURA | D5: ARQUITECTURA - Planos de señalización | E5: V 2.0 - PRELIMINAR A ENTREGA DEL EXPEDIENTE | F5: 2 | H5: 2 | J5: 2 | K5: OK
A6: ORX5 - 1125 - Surquillo - Luz suarez | B6: Exp. Obra (COMERCIO) | C6: ARQUITECTURA | D6: ARQUITECTURA - Planos de evacuación | E6: V 2.0 - PRELIMINAR A ENTREGA DEL EXPEDIENTE | F6: 4 | J6: 0 | K6: OK
A7: ORX5 - 1125 - Surquillo - Luz suarez | B7: Exp. Obra (COMERCIO) | C7: ARQUITECTURA | D7: ARQUITECTURA - Memoria de Arquitectura | E7: V 2.0 - PRELIMINAR A ENTREGA DEL EXPEDIENTE | F7: 1 | J7: 0 | K7: OK
A8: ORX5 - 1125 - Surquillo - Luz suarez | B8: Exp. Obra (COMERCIO) | C8: ARQUITECTURA | D8: ARQUITECTURA - Planos de corte y elevación | E8: V 2.0 - PRELIMINAR A ENTREGA DEL EXPEDIENTE | F8: 0 | J8: 0 | K8: OK
A9: ORX5 - 1125 - Surquillo - Luz suarez | B9: Exp. Obra (COMERCIO) | C9: ARQUITECTURA | D9: ARQUITECTURA - Propuesta de render 3D | E9: V 2.0 - PRELIMINAR A ENTREGA DEL EXPEDIENTE | F9: 6 | J9: 0 | K9: OK
A10: ORX5 - 1125 - Surquillo - Luz suarez | B10: Exp. Obra (COMERCIO) | C10: ARQUITECTURA | D10: ARQUITECTURA - Compatibilización de especialidades | E10: V 2.0 - PRELIMINAR A ENTREGA DEL EXPEDIENTE | F10: 3 | J10: 0 | K10: OK
A11: ORX5 - 1125 - Surquillo - Luz suarez | B11: Exp. Obra (COMERCIO) | C11: ARQUITECTURA | D11: TAREAS ADMINISTRATIVAS - Reunión para aprobación de fachadas en 3D | E11: V 2.0 - PRELIMINAR A ENTREGA DEL EXPEDIENTE | F11: 0 | G11: 9 | J11: 0 | K11: OK
A12: ORX5 - 1125 - Surquillo - Luz suarez | B12: Exp. Obra (COMERCIO) | C12: ARQUITECTURA | D12: TAREAS ADMINISTRATIVAS - Corroborar bloque actualizado en todas las especialidades | E12: V 2.0 - PRELIMINAR A ENTREGA DEL EXPEDIENTE | F12: 0 | J12: 0 | K12: OK
A13: ORX5 - 1125 - Surquillo - Luz suarez | B13: Exp. Obra (COMERCIO) | C13: ARQUITECTURA | D13: TAREAS ADMINISTRATIVAS - Corroborar membrete de todas las especialidades | E13: V 2.0 - PRELIMINAR A ENTREGA DEL EXPEDIENTE | F13: 4 | J13: 0 | K13: OK
A14: ORX5 - 1125 - Surquillo - Luz suarez | B14: Exp. Obra (COMERCIO) | C14: ESTRUCTURAS | D14: ESTRUCTURAS - Modelado estructural | E14: V 1.0 - PRELIMINAR A LA APROBACIÓN ARQUITECTÓNICA | F14: 5 | H14: 5 | J14: 5 | K14: OK
A15: ORX5 - 1125 - Surquillo - Luz suarez | B15: Exp. Obra (COMERCIO) | C15: ESTRUCTURAS | D15: ESTRUCTURAS - Compatibilizacion con especialidades | E15: V 2.0 - PRELIMINAR A ENTREGA DEL EXPEDIENTE | F15: 4 | H15: 4 | J15: 4 | K15: OK
A16: ORX5 - 1125 - Surquillo - Luz suarez | B16: Exp. Obra (COMERCIO) | C16: ESTRUCTURAS | D16: ESTRUCTURAS - Exposición de proyecto | E16: V 2.0 - PRELIMINAR A ENTREGA DEL EXPEDIENTE | F16: 0 | G16: 1 | H16: 1 | J16: 1 | K16: OK
A17: ORX5 - 1125 - Surquillo - Luz suarez | B17: Exp. Obra (COMERCIO) | C17: ESTRUCTURAS | D17: ESTRUCTURAS - Planos de encofrados de techos | E17: V 2.0 - PRELIMINAR A ENTREGA DEL EXPEDIENTE | F17: 8 | H17: 8 | J17: 8 | K17: OK
A18: ORX5 - 1125 - Surquillo - Luz suarez | B18: Exp. Obra (COMERCIO) | C18: ESTRUCTURAS | D18: ESTRUCTURAS - Detalle de reforzamiento en cuadro de columna | E18: V 2.0 - PRELIMINAR A ENTREGA DEL EXPEDIENTE | F18: 2 | H18: 2 | J18: 2 | K18: OK
A19: ORX5 - 1125 - Surquillo - Luz suarez | B19: Exp. Obra (COMERCIO) | C19: ESTRUCTURAS | D19: ESTRUCTURAS - Detalle de reforzamiento en cimentación | E19: V 2.0 - PRELIMINAR A ENTREGA DEL EXPEDIENTE | F19: 5 | H19: 5 | J19: 5 | K19: OK
A20: ORX5 - 1125 - Surquillo - Luz suarez | B20: Exp. Obra (COMERCIO) | C20: ESTRUCTURAS | D20: ESTRUCTURAS - Detalle de reforzamiento en encofrado | E20: V 2.0 - PRELIMINAR A ENTREGA DEL EXPEDIENTE | F20: 2 | H20: 2 | J20: 2 | K20: OK
A21: ORX5 - 1125 - Surquillo - Luz suarez | B21: Exp. Obra (COMERCIO) | C21: ESTRUCTURAS | D21: ESTRUCTURAS - Desarrollo de vigas | E21: V 2.0 - PRELIMINAR A ENTREGA DEL EXPEDIENTE | F21: 2 | H21: 2 | J21: 2 | K21: OK
A22: ORX5 - 1125 - Surquillo - Luz suarez | B22: Exp. Obra (COMERCIO) | C22: ESTRUCTURAS | D22: ESTRUCTURAS - Planos de cimentación | E22: V 2.0 - PRELIMINAR A ENTREGA DEL EXPEDIENTE | F22: 9 | H22: 9 | J22: 9 | K22: OK
A23: ORX5 - 1125 - Surquillo - Luz suarez | B23: Exp. Obra (COMERCIO) | C23: ESTRUCTURAS | D23: ESTRUCTURAS - Especificaciones generales | E23: V 2.0 - PRELIMINAR A ENTREGA DEL EXPEDIENTE | F23: 2 | H23: 2 | J23: 2 | K23: OK
A24: ORX5 - 1125 - Surquillo - Luz suarez | B24: Exp. Obra (COMERCIO) | C24: ESTRUCTURAS | D24: ESTRUCTURAS - Memoria de cálculo estructural | E24: V 2.0 - PRELIMINAR A ENTREGA DEL EXPEDIENTE | F24: 1 | H24: 1 | J24: 1 | K24: OK
A25: ORX5 - 1125 - Surquillo - Luz suarez | B25: Exp. Obra (COMERCIO) | C25: INST. ELECTRICAS | D25: IIEE - Modificaciones | E25: V 2.0 - PRELIMINAR A ENTREGA DEL EXPEDIENTE | F25: 9 | H25: 9 | J25: 9 | K25: OK
A26: ORX5 - 1125 - Surquillo - Luz suarez | B26: Exp. Obra (COMERCIO) | C26: INST. ELECTRICAS | D26: TAREAS ADMINISTRATIVAS - Reunión para exponer electricas | E26: V 2.0 - PRELIMINAR A ENTREGA DEL EXPEDIENTE | F26: 4 | H26: 4 | J26: 4 | K26: OK
A27: ORX5 - 1125 - Surquillo - Luz suarez | B27: Exp. Obra (COMERCIO) | C27: INST. ELECTRICAS | D27: TAREAS ADMINISTRATIVAS - Reunión para exponer mecánicas | E27: V 2.0 - PRELIMINAR A ENTREGA DEL EXPEDIENTE | F27: 4 | H27: 4 | J27: 4 | K27: OK
A28: ORX5 - 1125 - Surquillo - Luz suarez | B28: Exp. Obra (COMERCIO) | C28: INST. ELECTRICAS | D28: IIEE - Cuadro de cargas y unifilares | E28: V 2.0 - PRELIMINAR A ENTREGA DEL EXPEDIENTE | F28: 2 | H28: 2 | J28: 2 | K28: OK
... A39: ORX5 - 1125 - Surquillo - Luz suarez | B39: Exp. Obra (COMERCIO) | C39: GESTIÓN Y ADMINISTRACIÓN | D39: TAREAS ADMINISTRATIVAS - Entrega de expediente impreso a cliente | E39: V 2.1 - ENTREGA TÉCNICA FINAL DE EXPEDIENTE | F39: 0.5 | H39: 0.5 | J39: 0.5 | K39: OK

Sheet MH-LNM5-1025-Callao-CarlosCelis
A1: NOMBRE DE PROYECTO | B1: TIPO DE EXPEDIENTE | C1: ESPECIALIDAD | D1: PARTIDA | E1: VERSIÓN | F1: HORAS CALENDARIO TECNICOS LABORADOS PARA PERSONA CON RENDIMIENTO AL 100% | G1: HORAS CALENDARIO EN REUNIONES CON CLIENTES PARA PERSONA CON RENDIMIENTO AL 100% | H1: TOTAL | I1: HORAS ADICIONALES | J1: TOTAL HORAS RESTANTES | K1: Column11
A2: LNM5 - 1025 - Callao - Carlos Celis | B2: Exp. Licencia mod. B | C2: ARQUITECTURA | D2: ARQUITECTURA - Planos de distribución | E2: V 2.0 - PRELIMINAR A ENTREGA A MUNI | F2: 7 | H2: 7 | J2: 2 | K2: OK
A3: LNM5 - 1025 - Callao - Carlos Celis | B3: Exp. Licencia mod. B | C3: ARQUITECTURA | D3: ARQUITECTURA - Planos de corte y elevación | E3: V 2.0 - PRELIMINAR A ENTREGA A MUNI | F3: 1 | H3: 1 | J3: 1 | K3: OK
A4: LNM5 - 1025 - Callao - Carlos Celis | B4: Exp. Licencia mod. B | C4: ARQUITECTURA | D4: ARQUITECTURA - Planos de señalización | E4: V 2.0 - PRELIMINAR A ENTREGA A MUNI | F4: 1 | H4: 1 | J4: 1 | K4: OK
A5: LNM5 - 1025 - Callao - Carlos Celis | B5: Exp. Licencia mod. B | C5: ARQUITECTURA | D5: ARQUITECTURA - Planos de evacuación | E5: V 2.0 - PRELIMINAR A ENTREGA A MUNI | F5: 2 | H5: 2 | J5: 2 | K5: OK
A6: LNM5 - 1025 - Callao - Carlos Celis | B6: Exp. Licencia mod. B | C6: ARQUITECTURA | D6: ARQUITECTURA - Memoria de seguridad | E6: V 2.0 - PRELIMINAR A ENTREGA A MUNI | F6: 1 | H6: 1 | J6: 1 | K6: OK
A7: LNM5 - 1025 - Callao - Carlos Celis | B7: Exp. Licencia mod. B | C7: ARQUITECTURA | D7: ARQUITECTURA - Llenar FUE (Formulario Único de Edificaciones) | E7: V 2.0 - PRELIMINAR A ENTREGA A MUNI | F7: 1 | H7: 1 | J7: 1 | K7: OK
A8: LNM5 - 1025 - Callao - Carlos Celis | B8: Exp. Licencia mod. B | C8: ARQUITECTURA | D8: TAREAS ADMINISTRATIVAS - Corroborar bloque actualizado en todas las especialidades | E8: V 2.0 - PRELIMINAR A ENTREGA A MUNI | F8: 0 | H8: 0 | J8: 0 | K8: OK
A9: LNM5 - 1025 - Callao - Carlos Celis | B9: Exp. Licencia mod. B | C9: ARQUITECTURA | D9: TAREAS ADMINISTRATIVAS - Corroborar membrete de todas las especialidades | E9: V 2.0 - PRELIMINAR A ENTREGA A MUNI | F9: 4 | H9: 4 | J9: 4 | K9: OK
A10: LNM5 - 1025 - Callao - Carlos Celis | B10: Exp. Licencia mod. B | C10: ARQUITECTURA | D10: TAREAS ADMINISTRATIVAS - MANDAR A IMPRENTA PLANOS A PLOTEAR | E10: V 2.0 - PRELIMINAR A ENTREGA A MUNI | F10: 0 | H10: 0 | J10: 0 | K10: OK
A11: LNM5 - 1025 - Callao - Carlos Celis | B11: Exp. Licencia mod. B | C11: ARQUITECTURA | D11: ARQUITECTURA - Revisión de expediente por muni | E11: V 2.1 - ENTREGA TÉCNICA FINAL A MUNI | F11: 0 | H11: 0 | J11: 0 | K11: OK
A12: LNM5 - 1025 - Callao - Carlos Celis | B12: Exp. Licencia mod. B | C12: ARQUITECTURA | D12: ARQUITECTURA - Lev. de observaciones | E12: V 2.0 - PRELIMINAR A ENTREGA A MUNI | F12: 6 | H12: 6 | J12: 6 | K12: OK
A13: LNM5 - 1025 - Callao - Carlos Celis | B13: Exp. Licencia mod. B | C13: ESTRUCTURAS | D13: ESTRUCTURAS - Revisión por municipalidad | E13: V 2.1 - ENTREGA TÉCNICA FINAL A MUNI | F13: 0 | H13: 0 | J13: 0 | K13: OK
... A24: LNM5 - 1025 - Callao - Carlos Celis | B24: Exp. Licencia mod. B | C24: GESTIÓN Y ADMINISTRACIÓN | D24: TAREAS ADMINISTRATIVAS - COORDINAR ENTREGA DE EXPEDIENTE CON CLIENTE | E24: V 2.0 - PRELIMINAR A ENTREGA A MUNI | F24: 0.5 | H24: 0.5 | J24: 0.5 | K24: OK

Sheet MH-LNM5_0925-CHORRILLOS-TAFUR
A1: NOMBRE DE PROYECTO | B1: TIPO DE EXPEDIENTE | C1: ESPECIALIDAD | D1: PARTIDA | E1: VERSIÓN | F1: HORAS CALENDARIO TECNICOS LABORADOS PARA PERSONA CON RENDIMIENTO AL 100% | G1: HORAS CALENDARIO EN REUNIONES CON CLIENTES PARA PERSONA CON RENDIMIENTO AL 100% | H1: TOTAL | I1: HORAS ADCIONALES | J1: TOTAL HORAS RESTANTES | K1: Column11
A2: LNM5_0925 - CHORRILLOS - TAFUR | B2: Exp. Licencia mod. B | C2: GESTIÓN Y ADMINISTRACIÓN | D2: ARQUITECTURA - Llenar FUE (Formulario Único de Edificaciones) | E2: V 2.0 - PRELIMINAR A ENTREGA A REVISORES | F2: 1 | H2: 1 | J2: 0 | K2: OK
A3: LNM5_0925 - CHORRILLOS - TAFUR | B3: Exp. Licencia mod. B | C3: GESTIÓN Y ADMINISTRACIÓN | D3: TAREAS ADMINISTRATIVAS - Corroborar bloque actualizado en todas las especialidades | E3: V 2.1 - ENTREGA TÉCNICA FINAL A REVISORES | F3: 4 | H3: 4 | J3: 0 | K3: OK
A4: LNM5_0925 - CHORRILLOS - TAFUR | B4: Exp. Licencia mod. B | C4: GESTIÓN Y ADMINISTRACIÓN | D4: TAREAS ADMINISTRATIVAS - Corroborar membrete de todas las especialidades | E4: V 2.0 - PRELIMINAR A ENTREGA A REVISORES | F4: 4 | H4: 4 | J4: 0 | K4: OK
A5: LNM5_0925 - CHORRILLOS - TAFUR | B5: Exp. Licencia mod. B | C5: GESTIÓN Y ADMINISTRACIÓN | D5: TAREAS ADMINISTRATIVAS - COORDINAR ENTREGA DE EXPEDIENTE A REVISORES | E5: V 2.0 - PRELIMINAR A ENTREGA A REVISORES | F5: 0 | H5: 0 | J5: 0 | K5: OK
A6: LNM5_0925 - CHORRILLOS - TAFUR | B6: Exp. Licencia mod. B | C6: GESTIÓN Y ADMINISTRACIÓN | D6: TAREAS ADMINISTRATIVAS - COORDINAR ENTREGA DE EXPEDIENTE A MUNICIPALIDAD | E6: V 3.0 - PRELIMINAR A ENTREGA A MUNI | F6: 0 | H6: 0 | J6: 0 | K6: OK
A7: LNM5_0925 - CHORRILLOS - TAFUR | B7: Exp. Licencia mod. B | C7: GESTIÓN Y ADMINISTRACIÓN | D7: TAREAS ADMINISTRATIVAS - MANDAR A IMPRENTA PLANOS A PLOTEAR | E7: V 2.0 - PRELIMINAR A ENTREGA A REVISORES | F7: 0 | H7: 0 | J7: 0 | K7: OK
A8: LNM5_0925 - CHORRILLOS - TAFUR | B8: Exp. Licencia mod. B | C8: GESTIÓN Y ADMINISTRACIÓN | D8: TAREAS ADMINISTRATIVAS - Entrega de expediente impreso a cliente | E8: V 2.1 - ENTREGA TÉCNICA FINAL A REVISORES | F8: 0 | H8: 0 | J8: 0 | K8: OK
A9: LNM5_0925 - CHORRILLOS - TAFUR | B9: Exp. Licencia mod. B | C9: ESTRUCTURAS | D9: ESTRUCTURAS - REVISIÓN MUNICIPALIDAD | E9: V 3.1 - ENTREGA TÉCNICA FINAL A MUNI | F9: 0 | H9: 0 | J9: 0 | K9: OK
A10: LNM5_0925 - CHORRILLOS - TAFUR | B10: Exp. Licencia mod. B | C10: ESTRUCTURAS | D10: ESTRUCTURAS - LEV. DE OBS. MUNICIPALIDAD | E10: V 3.0 - PRELIMINAR A ENTREGA A MUNI | F10: 9 | H10: 9 | J10: 9 | K10: OK
A11: LNM5_0925 - CHORRILLOS - TAFUR | B11: Exp. Licencia mod. B | C11: INST. ELECTRICAS | D11: IIEE - REVISIÓN MUNICIPALIDAD | E11: V 3.1 - ENTREGA TÉCNICA FINAL A MUNI | F11: 0 | H11: 0 | J11: 0 | K11: OK
A12: LNM5_0925 - CHORRILLOS - TAFUR | B12: Exp. Licencia mod. B | C12: INST. ELECTRICAS | D12: IIEE - LEV. DE OBS. MUNICIPALIDAD | E12: V 3.0 - PRELIMINAR A ENTREGA A MUNI | F12: 4 | H12: 4 | J12: 4 | K12: OK
A13: LNM5_0925 - CHORRILLOS - TAFUR | B13: Exp. Licencia mod. B | C13: INST. SANITARIAS | D13: IISS - REVISIÓN DE EXP. POR MUNI | E13: V 3.1 - ENTREGA TÉCNICA FINAL A MUNI | F13: 0 | H13: 0 | J13: 0 | K13: OK
A14: LNM5_0925 - CHORRILLOS - TAFUR | B14: Exp. Licencia mod. B | C14: INST. SANITARIAS | D14: IISS - LEV. DE OBSERVACIONES DE MUNI | E14: V 3.0 - PRELIMINAR A ENTREGA A MUNI | F14: 4 | H14: 4 | J14: 4 | K14: OK

Sheet MH-Punto Marisco-Surquillo-TAFU
A1: NOMBRE DE PROYECTO | B1: TIPO DE EXPEDIENTE | C1: ESPECIALIDAD | D1: PARTIDA | E1: VERSIÓN | F1: HORAS CALENDARIO TECNICOS LABORADOS PARA PERSONA CON RENDIMIENTO AL 100% | G1: HORAS CALENDARIO EN REUNIONES CON CLIENTES PARA PERSONA CON RENDIMIENTO AL 100% | H1: TOTAL
A2: Cevicheria Punto Marisco - Surquillo - Arq. Tafur | B2: Exp. Licencia mod. B | C2: INST. SANITARIAS | D2: IISS - REVISION POR MUNI | E2: V 3.1 - ENTREGA TÉCNICA FINAL A MUNI | F2: 0 | H2: 0
A3: Cevicheria Punto Marisco - Surquillo - Arq. Tafur | B3: Exp. Licencia mod. B | C3: INST. SANITARIAS | D3: IISS - LEVANTAMIENTO DE OBSERVACIONES DE MUNI | E3: V 3.0 - PRELIMINAR A ENTREGA A MUNI | F3: 5 | H3: 5
A4: Cevicheria Punto Marisco - Surquillo - Arq. Tafur | B4: Exp. Licencia mod. B | C4: INST. SANITARIAS | D4: IISS - REVISION POR REVISORES | E4: V 2.1 - ENTREGA TÉCNICA FINAL A REVISORES | F4: 0 | H4: 0
A5: Cevicheria Punto Marisco - Surquillo - Arq. Tafur | B5: Exp. Licencia mod. B | C5: INST. SANITARIAS | D5: IISS - LEVANTAMIENTO DE OBSERVACIONES DE REVISORES | E5: V 3.0 - PRELIMINAR A ENTREGA A MUNI | F5: 5 | H5: 5

Sheet MH-LNM11_0925-PUEBLO LIBRE-TAF
A1: NOMBRE DE PROYECTO | B1: TIPO DE EXPEDIENTE | C1: ESPECIALIDAD | D1: PARTIDA | E1: VERSIÓN | F1: HORAS CALENDARIO TECNICOS LABORADOS PARA PERSONA CON RENDIMIENTO AL 100% | G1: HORAS CALENDARIO EN REUNIONES CON CLIENTES PARA PERSONA CON RENDIMIENTO AL 100% | H1: TOTAL | I1: HORAS ADICIONALES | J1: TOTAL HORAS RESTANTES | K1: Column11
A2: LNM11_0925 - PUEBLO LIBRE - HUGO TAFUR | B2: Exp. Licencia mod. B | C2: INST. ELECTRICAS | D2: IIEE - ARMAR FACT. DE ELECTRICAS | E2: V 2.0 - PRELIMINAR A ENTREGA A REVISORES | F2: 0 | H2: 0 | J2: 0 | K2: OK
A3: LNM11_0925 - PUEBLO LIBRE - HUGO TAFUR | B3: Exp. Licencia mod. B | C3: INST. ELECTRICAS | D3: PLANOS ELECTRICOS | E3: V 2.0 - PRELIMINAR A ENTREGA A REVISORES | F3: 4 | H3: 4 | J3: 4 | K3: OK
A4: LNM11_0925 - PUEBLO LIBRE - HUGO TAFUR | B4: Exp. Licencia mod. B | C4: INST. ELECTRICAS | D4: PLANOS DE MECÁNICAS | E4: V 2.0 - PRELIMINAR A ENTREGA A REVISORES | F4: 4 | H4: 4 | J4: 4 | K4: OK
A5: LNM11_0925 - PUEBLO LIBRE - HUGO TAFUR | B5: Exp. Licencia mod. B | C5: INST. ELECTRICAS | D5: MEMORIA ELECTRICAS | E5: V 2.0 - PRELIMINAR A ENTREGA A REVISORES | F5: 4 | H5: 4 | J5: 4 | K5: OK
A6: LNM11_0925 - PUEBLO LIBRE - HUGO TAFUR | B6: Exp. Licencia mod. B | C6: INST. ELECTRICAS | D6: MEMORIA MECÁNICA | E6: V 2.0 - PRELIMINAR A ENTREGA A REVISORES | F6: 4 | H6: 4 | J6: 4 | K6: OK
A7: LNM11_0925 - PUEBLO LIBRE - HUGO TAFUR | B7: Exp. Licencia mod. B | C7: INST. SANITARIAS | D7: PLANOS SANITARIOS | E7: V 2.0 - PRELIMINAR A ENTREGA A REVISORES | F7: 4 | H7: 4 | J7: 4 | K7: OK
A8: LNM11_0925 - PUEBLO LIBRE - HUGO TAFUR | B8: Exp. Licencia mod. B | C8: INST. SANITARIAS | D8: MEMORIA SANITARIA | E8: V 2.0 - PRELIMINAR A ENTREGA A REVISORES | F8: 4 | H8: 4 | J8: 4 | K8: OK

Sheet MH-METRADO_0525 - SAN ISIDROCEL
A1: NOMBRE DE PROYECTO | B1: TIPO DE EXPEDIENTE | C1: ESPECIALIDAD | D1: PARTIDA | E1: VERSIÓN | F1: HORAS CALENDARIO TECNICOS LABORADOS PARA PERSONA CON RENDIMIENTO AL 100% | G1: HORAS CALENDARIO EN REUNIONES CON CLIENTES PARA PERSONA CON RENDIMIENTO AL 100% | H1: TOTAL | I1: HORAS ADICIONALES | J1: TOTAL HORAS RESTANTES | K1: Column11
A2: METRADO_0525 - SAN ISIDRO - CARLOS CELIS EXPONERLE A CLIENTE 2 | B2: Exp. Licencia mod. B | C2: GESTIÓN Y ADMINISTRACIÓN | D2: ENTREGARLE PRESUPUESTO FINAL | E2: V 2.0 - PRELIMINAR A ENTREGA A CLIENTE | F2: 0 | H2: 0 | J2: 0 | K2: OK
A3: METRADO_0525 - SAN ISIDRO - CARLOS CELIS EXPONERLE A CLIENTE 2 | B3: Exp. Licencia mod. B | C3: GESTIÓN Y ADMINISTRACIÓN | D3: EXPONERLE A CLIENTE | E3: V 2.0 - PRELIMINAR A ENTREGA A CLIENTE | F3: 0 | H3: 0 | J3: 0 | K3: OK

Sheet MH-METRADO - 1225_ RIOJA- MAYUL
A1: NOMBRE DE PROYECTO | B1: TIPO DE EXPEDIENTE | C1: ESPECIALIDAD | D1: PARTIDA | E1: VERSIÓN | F1: HORAS CALENDARIO TECNICOS LABORADOS PARA PERSONA CON RENDIMIENTO AL 100% | G1: HORAS CALENDARIO EN REUNIONES CON CLIENTES PARA PERSONA CON RENDIMIENTO AL 100% | H1: TOTAL
A2: METRADO - 1225_ RIOJA- MAYULI | B2: Exp. Licencia mod. B | C2: GESTIÓN Y ADMINISTRACIÓN | D2: ENTREGARLE PRESUPUESTO FINAL | E2: V 2.0 - PRELIMINAR A ENTREGA A CLIENTE | F2: 0 | H2: 0
A3: METRADO - 1225_ RIOJA- MAYULI | B3: Exp. Licencia mod. B | C3: GESTIÓN Y ADMINISTRACIÓN | D3: EXPONERLE A CLIENTE | E3: V 2.0 - PRELIMINAR A ENTREGA A CLIENTE | F3: 0 | H3: 0

Sheet MH-ONM6-0126-ChorrillosMatellin
A1: NOMBRE DE PROYECTO | B1: TIPO DE EXPEDIENTE | C1: ESPECIALIDAD | D1: PARTIDA | E1: VERSIÓN | F1: HORAS CALENDARIO TECNICOS LABORADOS PARA PERSONA CON RENDIMIENTO AL 100% | G1: HORAS CALENDARIO EN REUNIONES CON CLIENTES PARA PERSONA CON RENDIMIENTO AL 100% | H1: TOTAL
A2: ONM6 - 0126 - Chorrillos (Matellini) - Arq. Martin | B2: Exp. Obra (MULTIFAMILIAR) | C2: ARQUITECTURA | D2: ARQUITECTURA - Planos de distribución | E2: V 1.1 - APROBACIÓN ARQUITECTÓNICA | F2: 9 | H2: 9
A3: ONM6 - 0126 - Chorrillos (Matellini) - Arq. Martin | B3: Exp. Obra (MULTIFAMILIAR) | C3: ARQUITECTURA | D3: ARQUITECTURA - Junta de Arq. | E3: V 1.1 - APROBACIÓN ARQUITECTÓNICA | F3: 4 | H3: 4
A4: ONM6 - 0126 - Chorrillos (Matellini) - Arq. Martin | B4: Exp. Obra (MULTIFAMILIAR) | C4: ARQUITECTURA | D4: ARQUITECTURA - Planos de corte y elevación | E4: V 2.0 - PRELIMINAR A ENTREGA DEL EXPEDIENTE | F4: 9 | H4: 9
A5: ONM6 - 0126 - Chorrillos (Matellini) - Arq. Martin | B5: Exp. Obra (MULTIFAMILIAR) | C5: ARQUITECTURA | D5: TAREAS ADMINISTRATIVAS - Compatibilización con otras especialidades | E5: V 2.0 - PRELIMINAR A ENTREGA DEL EXPEDIENTE | F5: 3 | H5: 3
A6: ONM6 - 0126 - Chorrillos (Matellini) - Arq. Martin | B6: Exp. Obra (MULTIFAMILIAR) | C6: ARQUITECTURA | D6: TAREAS ADMINISTRATIVAS - Corroborar membrete de todas las especialidades | E6: V 2.0 - PRELIMINAR A ENTREGA DEL EXPEDIENTE | F6: 2 | H6: 2
A7: ONM6 - 0126 - Chorrillos (Matellini) - Arq. Martin | B7: Exp. Obra (MULTIFAMILIAR) | C7: ARQUITECTURA | D7: TAREAS ADMINISTRATIVAS - MANDAR A IMPRENTA PLANOS A PLOTEAR | E7: V 2.0 - PRELIMINAR A ENTREGA DEL EXPEDIENTE | F7: 4 | H7: 4
A8: ONM6 - 0126 - Chorrillos (Matellini) - Arq. Martin | B8: Exp. Obra (MULTIFAMILIAR) | C8: ESTRUCTURAS | D8: ESTRUCTURAS - Propuesta estructural de columnas, placas y vigas | E8: V 1.0 - PRELIMINAR A LA APROBACIÓN ARQUITECTÓNICA | F8: 3 | H8: 3
A9: ONM6 - 0126 - Chorrillos (Matellini) - Arq. Martin | B9: Exp. Obra (MULTIFAMILIAR) | C9: ESTRUCTURAS | D9: ESTRUCTURAS - Modelado de estructuras de techos | E9: V 1.0 - PRELIMINAR A LA APROBACIÓN ARQUITECTÓNICA | F9: 3.5 | H9: 3.5
A10: ONM6 - 0126 - Chorrillos (Matellini) - Arq. Martin | B10: Exp. Obra (MULTIFAMILIAR) | C10: ESTRUCTURAS | D10: TAREAS ADMINISTRATIVAS - Junta de ingenierías | E10: V 2.0 - PRELIMINAR A ENTREGA DEL EXPEDIENTE | F10: 1.5 | H10: 1.5
A11: ONM6 - 0126 - Chorrillos (Matellini) - Arq. Martin | B11: Exp. Obra (MULTIFAMILIAR) | C11: ESTRUCTURAS | D11: ESTRUCTURAS - Planos de encofrados de techos | E11: V 2.0 - PRELIMINAR A ENTREGA DEL EXPEDIENTE | F11: 3.5 | H11: 3.5
A12: ONM6 - 0126 - Chorrillos (Matellini) - Arq. Martin | B12: Exp. Obra (MULTIFAMILIAR) | C12: ESTRUCTURAS | D12: ESTRUCTURAS - Planos de diseño de aceros de encofrados | E12: V 2.0 - PRELIMINAR A ENTREGA DEL EXPEDIENTE | F12: 2 | H12: 2
A13: ONM6 - 0126 - Chorrillos (Matellini) - Arq. Martin | B13: Exp. Obra (MULTIFAMILIAR) | C13: ESTRUCTURAS | D13: ESTRUCTURAS - Desarrollo de vigas | E13: V 2.0 - PRELIMINAR A ENTREGA DEL EXPEDIENTE | F13: 2 | H13: 2
... A23: ONM6 - 0126 - Chorrillos (Matellini) - Arq. Martin | B23: Exp. Obra (MULTIFAMILIAR) | C23: ESTRUCTURAS | D23: ESTRUCTURAS - Compatibilizacion con especialidades | E23: V 2.0 - PRELIMINAR A ENTREGA DEL EXPEDIENTE | F23: 3 | H23: 3
A24: ONM6 - 0126 - Chorrillos (Matellini) - Arq. Martin | B24: Exp. Obra (MULTIFAMILIAR) | C24: ESTRUCTURAS | D24: ESTRUCTURAS - Reunión de exposición a cliente | E24: V 2.0 - PRELIMINAR A ENTREGA DEL EXPEDIENTE | F24: 0 | G24: 4 | H24: 4
A25: ONM6 - 0126 - Chorrillos (Matellini) - Arq. Martin | B25: Exp. Obra (MULTIFAMILIAR) | C25: INST. ELECTRICAS | D25: IIEE - Plano de luminarias | E25: V 2.0 - PRELIMINAR A ENTREGA DEL EXPEDIENTE | F25: 9 | H25: 9
A26: ONM6 - 0126 - Chorrillos (Matellini) - Arq. Martin | B26: Exp. Obra (MULTIFAMILIAR) | C26: INST. ELECTRICAS | D26: IIEE - Plano de tomacorrientes y comunicaciones | E26: V 2.0 - PRELIMINAR A ENTREGA DEL EXPEDIENTE | F26: 2 | H26: 2
A27: ONM6 - 0126 - Chorrillos (Matellini) - Arq. Martin | B27: Exp. Obra (MULTIFAMILIAR) | C27: INST. ELECTRICAS | D27: IIEE - Excel de cálculos eléctricos | E27: V 2.0 - PRELIMINAR A ENTREGA DEL EXPEDIENTE | F27: 1 | H27: 1
A28: ONM6 - 0126 - Chorrillos (Matellini) - Arq. Martin | B28: Exp. Obra (MULTIFAMILIAR) | C28: INST. ELECTRICAS | D28: IIEE - Cuadro de cargas y unifilares | E28: V 2.0 - PRELIMINAR A ENTREGA DEL EXPEDIENTE | F28: 3 | H28: 3
A29: ONM6 - 0126 - Chorrillos (Matellini) - Arq. Martin | B29: Exp. Obra (MULTIFAMILIAR) | C29: INST. ELECTRICAS | D29: IIEE - Compatibilizar con especialidades | E29: V 2.0 - PRELIMINAR A ENTREGA DEL EXPEDIENTE | F29: 3 | H29: 3
A30: ONM6 - 0126 - Chorrillos (Matellini) - Arq. Martin | B30: Exp. Obra (MULTIFAMILIAR) | C30: INST. ELECTRICAS | D30: IIEE - Reunión de exposición | E30: V 2.0 - PRELIMINAR A ENTREGA DEL EXPEDIENTE | F30: 0 | G30: 4 | H30: 4
A31: ONM6 - 0126 - Chorrillos (Matellini) - Arq. Martin | B31: Exp. Obra (MULTIFAMILIAR) | C31: INST. SANITARIAS | D31: IISS - PLANOS DE AGUA | E31: V 2.0 - PRELIMINAR A ENTREGA DEL EXPEDIENTE | F31: 5 | H31: 5
A32: ONM6 - 0126 - Chorrillos (Matellini) - Arq. Martin | B32: Exp. Obra (MULTIFAMILIAR) | C32: INST. SANITARIAS | D32: IISS - PLANOS DE DESAGUE | E32: V 2.0 - PRELIMINAR A ENTREGA DEL EXPEDIENTE | F32: 4 | H32: 4
A33: ONM6 - 0126 - Chorrillos (Matellini) - Arq. Martin | B33: Exp. Obra (MULTIFAMILIAR) | C33: INST. SANITARIAS | D33: IISS - Plano de detalle | E33: V 2.0 - PRELIMINAR A ENTREGA DEL EXPEDIENTE | F33: 1 | H33: 1
A34: ONM6 - 0126 - Chorrillos (Matellini) - Arq. Martin | B34: Exp. Obra (MULTIFAMILIAR) | C34: INST. SANITARIAS | D34: IISS - Propuesta de Cisterna y/o T.E. | E34: V 1.0 - PRELIMINAR A LA APROBACIÓN ARQUITECTÓNICA | F34: 0.5 | H34: 0.5
A35: ONM6 - 0126 - Chorrillos (Matellini) - Arq. Martin | B35: Exp. Obra (MULTIFAMILIAR) | C35: INST. SANITARIAS | D35: IISS - Reunión con cliente | E35: V 2.0 - PRELIMINAR A ENTREGA DEL EXPEDIENTE | F35: 0 | G35: 2 | H35: 2
A36: ONM6 - 0126 - Chorrillos (Matellini) - Arq. Martin | B36: Exp. Obra (MULTIFAMILIAR) | C36: INST. SANITARIAS | D36: IISS - Compatibilización con especialidades | E36: V 2.0 - PRELIMINAR A ENTREGA DEL EXPEDIENTE | F36: 1 | H36: 1
A37: ONM6 - 0126 - Chorrillos (Matellini) - Arq. Martin | B37: Exp. Obra (MULTIFAMILIAR) | C37: INST. GAS | D37: IIGG - Plano de gas | E37: V 2.0 - PRELIMINAR A ENTREGA DEL EXPEDIENTE | F37: 9 | H37: 9
A38: ONM6 - 0126 - Chorrillos (Matellini) - Arq. Martin | B38: Exp. Obra (MULTIFAMILIAR) | C38: SUELOS | D38: EMS - Excel de ensayos | E38: V 2.0 - PRELIMINAR A ENTREGA DEL EXPEDIENTE | F38: 3 | G38: 3 | H38: 6
A39: ONM6 - 0126 - Chorrillos (Matellini) - Arq. Martin | B39: Exp. Obra (MULTIFAMILIAR) | C39: SUELOS | D39: EMS - Informe de EMS | E39: V 2.0 - PRELIMINAR A ENTREGA DEL EXPEDIENTE | F39: 4 | H39: 4
A40: ONM6 - 0126 - Chorrillos (Matellini) - Arq. Martin | B40: Exp. Obra (MULTIFAMILIAR) | C40: GESTIÓN Y ADMINISTRACIÓN | D40: TAREAS ADMINISTRATIVAS - PROJECT CHARTER | E40: V 0.0 - INICIO DEL PROYECTO | F40: 0 | H40: 0
A41: ONM6 - 0126 - Chorrillos (Matellini) - Arq. Martin | B41: Exp. Obra (MULTIFAMILIAR) | C41: GESTIÓN Y ADMINISTRACIÓN | D41: TAREAS ADMINISTRATIVAS - Visita al predio y toma de muestras con calicatas | E41: V 0.0 - INICIO DEL PROYECTO | F41: 0 | H41: 0
A42: ONM6 - 0126 - Chorrillos (Matellini) - Arq. Martin | B42: Exp. Obra (MULTIFAMILIAR) | C42: GESTIÓN Y ADMINISTRACIÓN | D42: TAREAS ADMINISTRATIVAS - COORDINAR ENTREGA DE EXPEDIENTE CON CLIENTE | E42: V 2.0 - PRELIMINAR A ENTREGA DEL EXPEDIENTE | F42: 0 | H42: 0
A43: ONM6 - 0126 - Chorrillos (Matellini) - Arq. Martin | B43: Exp. Obra (MULTIFAMILIAR) | C43: GESTIÓN Y ADMINISTRACIÓN | D43: TAREAS ADMINISTRATIVAS - Entrega de expediente impreso a cliente | E43: V 2.1 - ENTREGA TÉCNICA FINAL DE EXPEDIENTE | F43: 0 | H43: 0

Sheet MH-LNM5-0126-ChorrilosMatellini
A1: NOMBRE DE PROYECTO | B1: TIPO DE EXPEDIENTE | C1: ESPECIALIDAD | D1: PARTIDA | E1: VERSIÓN | F1: HORAS CALENDARIO TECNICOS LABORADOS PARA PERSONA CON RENDIMIENTO AL 100% | G1: HORAS CALENDARIO EN REUNIONES CON CLIENTES PARA PERSONA CON RENDIMIENTO AL 100% | H1: TOTAL | I1: HORAS ADICIONALES | J1: TOTAL HORAS RESTANTES | K1: Column11
A2: LNM5 - 0126 - Chorrillos (Matellini) - Arq. Martin | B2: Exp. Licencia mod. B | C2: ARQUITECTURA | D2: TAREAS ADMINISTRATIVAS - Subir DNI al DRIVE | E2: V 0.0 - INICIO DEL PROYECTO | F2: 0 | H2: 0 | J2: 0 | K2: OK
A3: LNM5 - 0126 - Chorrillos (Matellini) - Arq. Martin | B3: Exp. Licencia mod. B | C3: ARQUITECTURA | D3: TAREAS ADMINISTRATIVAS - Subir PARTIDA ELECTRONICA ACTUALIZADA | E3: V 0.0 - INICIO DEL PROYECTO | F3: 0 | H3: 0 | J3: 0 | K3: OK
A4: LNM5 - 0126 - Chorrillos (Matellini) - Arq. Martin | B4: Exp. Licencia mod. B | C4: ARQUITECTURA | D4: ARQUITECTURA - Planos de distribución | E4: V 1.1 - APROBACIÓN ARQUITECTÓNICA | F4: 9 | H4: 9 | I4: -9 | J4: 0 | K4: OK
A5: LNM5 - 0126 - Chorrillos (Matellini) - Arq. Martin | B5: Exp. Licencia mod. B | C5: ARQUITECTURA | D5: TAREAS ADMINISTRATIVAS - Junta de arquitectos | E5: V 1.0 - PRELIMINAR A LA APROBACIÓN ARQUITECTÓNICA | F5: 4 | H5: 4 | I5: -2.5 | J5: 0 | K5: OK
A6: LNM5 - 0126 - Chorrillos (Matellini) - Arq. Martin | B6: Exp. Licencia mod. B | C6: ARQUITECTURA | D6: ARQUITECTURA - Planos de corte y elevación | E6: V 2.0 - PRELIMINAR A ENTREGA A REVISORES | F6: 9 | H6: 9 | I6: -3 | J6: 0 | K6: OK
A7: LNM5 - 0126 - Chorrillos (Matellini) - Arq. Martin | B7: Exp. Licencia mod. B | C7: ARQUITECTURA | D7: ARQUITECTURA - Plano de Ubicación y Localización | E7: V 2.0 - PRELIMINAR A ENTREGA A REVISORES | F7: 2 | H7: 2 | I7: 2 | J7: 0 | K7: OK
A8: LNM5 - 0126 - Chorrillos (Matellini) - Arq. Martin | B8: Exp. Licencia mod. B | C8: ARQUITECTURA | D8: ARQUITECTURA - Planos de seguridad, Evacuación y señalización | E8: V 2.0 - PRELIMINAR A ENTREGA A REVISORES | F8: 4 | H8: 4 | I8: -2 | J8: 0 | K8: OK
A9: LNM5 - 0126 - Chorrillos (Matellini) - Arq. Martin | B9: Exp. Licencia mod. B | C9: ARQUITECTURA | D9: ARQUITECTURA - Memoria de seguridad | E9: V 2.0 - PRELIMINAR A ENTREGA A REVISORES | F9: 0.5 | H9: 0.5 | I9: 0.5 | J9: 0 | K9: OK
A10: LNM5 - 0126 - Chorrillos (Matellini) - Arq. Martin | B10: Exp. Licencia mod. B | C10: ARQUITECTURA | D10: ARQUITECTURA - Memoria de arquitectura | E10: V 2.0 - PRELIMINAR A ENTREGA A REVISORES | F10: 2 | H10: 2 | I10: -2 | J10: 0 | K10: OK
A11: LNM5 - 0126 - Chorrillos (Matellini) - Arq. Martin | B11: Exp. Licencia mod. B | C11: ARQUITECTURA | D11: ARQUITECTURA - Presupuesto | E11: V 2.0 - PRELIMINAR A ENTREGA A REVISORES | F11: 0.5 | H11: 0.5 | I11: -0.5 | J11: 0 | K11: OK
A12: LNM5 - 0126 - Chorrillos (Matellini) - Arq. Martin | B12: Exp. Licencia mod. B | C12: ARQUITECTURA | D12: ARQUITECTURA - Llenar FUE (Formulario Único de Edificaciones) | E12: V 2.0 - PRELIMINAR A ENTREGA A REVISORES | F12: 2 | H12: 2 | I12: -2 | J12: 0 | K12: OK
A13: LNM5 - 0126 - Chorrillos (Matellini) - Arq. Martin | B13: Exp. Licencia mod. B | C13: ARQUITECTURA | D13: TAREAS ADMINISTRATIVAS - Compatibilización con las demás especialidades | E13: V 2.0 - PRELIMINAR A ENTREGA A REVISORES | F13: 3 | H13: 3 | I13: -3 | J13: 0 | K13: OK
A14: LNM5 - 0126 - Chorrillos (Matellini) - Arq. Martin | B14: Exp. Licencia mod. B | C14: ARQUITECTURA | D14: TAREAS ADMINISTRATIVAS - Corroborar bloque actualizado en todas las especialidades | E14: V 2.0 - PRELIMINAR A ENTREGA A REVISORES | F14: 0 | H14: 0 | J14: 0 | K14: OK
A15: LNM5 - 0126 - Chorrillos (Matellini) - Arq. Martin | B15: Exp. Licencia mod. B | C15: ARQUITECTURA | D15: TAREAS ADMINISTRATIVAS - Corroborar membrete de todas las especialidades | E15: V 2.0 - PRELIMINAR A ENTREGA A REVISORES | F15: 3 | H15: 3 | I15: -3 | J15: 0 | K15: OK
A16: LNM5 - 0126 - Chorrillos (Matellini) - Arq. Martin | B16: Exp. Licencia mod. B | C16: ARQUITECTURA | D16: TAREAS ADMINISTRATIVAS - MANDAR A IMPRENTA 3 JUEGOS DE EXPEDIENTE A PLOTEAR | E16: V 3.0 - PRELIMINAR A ENTREGA A MUNI | F16: 0.5 | H16: 0.5 | J16: 0.5 | K16: OK
A17: LNM5 - 0126 - Chorrillos (Matellini) - Arq. Martin | B17: Exp. Licencia mod. B | C17: ARQUITECTURA | D17: TAREAS ADMINISTRATIVAS - ESCANEA DE EXPEDIENTE A REVISORES | E17: V 3.0 - PRELIMINAR A ENTREGA A MUNI | F17: 2 | H17: 2 | J17: 2 | K17: OK
A18: LNM5 - 0126 - Chorrillos (Matellini) - Arq. Martin | B18: Exp. Licencia mod. B | C18: ARQUITECTURA | D18: ARQUITECTURA - Revision de Revisores | E18: V 2.1 - ENTREGA TÉCNICA FINAL DE EXPEDIENTE A REVISORES | F18: 0 | H18: 0 | J18: 0 | K18: OK
A19: LNM5 - 0126 - Chorrillos (Matellini) - Arq. Martin | B19: Exp. Licencia mod. B | C19: ARQUITECTURA | D19: ARQUITECTURA - Lev. de Observaciones de revisores | E19: V 3.0 - PRELIMINAR A ENTREGA A MUNI | F19: 5 | H19: 5 | J19: 5 | K19: OK
A20: LNM5 - 0126 - Chorrillos (Matellini) - Arq. Martin | B20: Exp. Licencia mod. B | C20: ARQUITECTURA | D20: ARQUITECTURA - Revisión de municipalidad | E20: V 3.1 - ENTREGA TÉCNICA FINAL DE EXPEDIENTE A REVISORES | F20: 0 | H20: 0 | J20: 0 | K20: OK
A21: LNM5 - 0126 - Chorrillos (Matellini) - Arq. Martin | B21: Exp. Licencia mod. B | C21: ARQUITECTURA | D21: ARQUITECTURA - Lev. de observaciones de municipalidad | E21: V 3.0 - PRELIMINAR A ENTREGA A MUNI | F21: 5 | H21: 5 | J21: 5 | K21: OK
A22: LNM5 - 0126 - Chorrillos (Matellini) - Arq. Martin | B22: Exp. Licencia mod. B | C22: ESTRUCTURAS | D22: ESTRUCTURAS - Modelado de estructuras de techos | E22: V 1.0 - PRELIMINAR A LA APROBACIÓN ARQUITECTÓNICA | F22: 3.5 | H22: 3.5 | I22: -3.5 | J22: 0 | K22: OK
A23: LNM5 - 0126 - Chorrillos (Matellini) - Arq. Martin | B23: Exp. Licencia mod. B | C23: ESTRUCTURAS | D23: ESTRUCTURAS - Planos de encofrados de techos | E23: V 2.0 - PRELIMINAR A ENTREGA A REVISORES | F23: 3.5 | H23: 3.5 | I23: 0.5 | J23: 0 | K23: OK
A24: LNM5 - 0126 - Chorrillos (Matellini) - Arq. Martin | B24: Exp. Licencia mod. B | C24: ESTRUCTURAS | D24: ESTRUCTURAS - Propuesta estructural de columnas, placas y vigas | E24: V 1.0 - PRELIMINAR A LA APROBACIÓN ARQUITECTÓNICA | F24: 3.5 | H24: 3.5 | I24: 1.5 | J24: 0 | K24: OK
A25: LNM5 - 0126 - Chorrillos (Matellini) - Arq. Martin | B25: Exp. Licencia mod. B | C25: ESTRUCTURAS | D25: TAREAS ADMINISTRATIVAS - Junta de ingenierías | E25: V 1.0 - PRELIMINAR A LA APROBACIÓN ARQUITECTÓNICA | F25: 1.5 | H25: 1.5 | I25: -1.5 | J25: 0 | K25: OK
A26: LNM5 - 0126 - Chorrillos (Matellini) - Arq. Martin | B26: Exp. Licencia mod. B | C26: ESTRUCTURAS | D26: ESTRUCTURAS - Planos de diseño de aceros de encofrados | E26: V 2.0 - PRELIMINAR A ENTREGA A REVISORES | F26: 2 | H26: 2 | I26: -2 | J26: 0 | K26: OK
A27: LNM5 - 0126 - Chorrillos (Matellini) - Arq. Martin | B27: Exp. Licencia mod. B | C27: ESTRUCTURAS | D27: ESTRUCTURAS - Cuadro de columnas | E27: V 2.0 - PRELIMINAR A ENTREGA A REVISORES | F27: 2 | H27: 2 | I27: -2 | J27: 0 | K27: OK
A28: LNM5 - 0126 - Chorrillos (Matellini) - Arq. Martin | B28: Exp. Licencia mod. B | C28: ESTRUCTURAS | D28: ESTRUCTURAS - Cortes de escalera de concreto | E28: V 2.0 - PRELIMINAR A ENTREGA A REVISORES | F28: 3 | H28: 3 | I28: 2 | J28: 0 | K28: OK
A29: LNM5 - 0126 - Chorrillos (Matellini) - Arq. Martin | B29: Exp. Licencia mod. B | C29: ESTRUCTURAS | D29: ESTRUCTURAS - Detalle de placas | E29: V 2.0 - PRELIMINAR A ENTREGA A REVISORES | F29: 4 | H29: 4 | J29: 0 | K29: OK
A30: LNM5 - 0126 - Chorrillos (Matellini) - Arq. Martin | B30: Exp. Licencia mod. B | C30: ESTRUCTURAS | D30: ESTRUCTURAS - Cuadro de vigas en encofrados | E30: V 2.0 - PRELIMINAR A ENTREGA A REVISORES | F30: 1 | H30: 1 | I30: -1 | J30: 0 | K30: OK
A31: LNM5 - 0126 - Chorrillos (Matellini) - Arq. Martin | B31: Exp. Licencia mod. B | C31: ESTRUCTURAS | D31: ESTRUCTURAS - Desarrollo de vigas | E31: V 2.0 - PRELIMINAR A ENTREGA A REVISORES | F31: 2 | H31: 2 | I31: -2 | J31: 0 | K31: OK
A32: LNM5 - 0126 - Chorrillos (Matellini) - Arq. Martin | B32: Exp. Licencia mod. B | C32: ESTRUCTURAS | D32: ESTRUCTURAS - Especificaciones generales | E32: V 2.0 - PRELIMINAR A ENTREGA A REVISORES | F32: 0.5 | H32: 0.5 | I32: -0.5 | J32: 0 | K32: OK
A33: LNM5 - 0126 - Chorrillos (Matellini) - Arq. Martin | B33: Exp. Licencia mod. B | C33: ESTRUCTURAS | D33: ESTRUCTURAS - Compatibilizacion con especialidades | E33: V 2.0 - PRELIMINAR A ENTREGA A REVISORES | F33: 3 | H33: 3 | I33: -3 | J33: 0 | K33: OK
A34: LNM5 - 0126 - Chorrillos (Matellini) - Arq. Martin | B34: Exp. Licencia mod. B | C34: ESTRUCTURAS | D34: ESTRUCTURAS - Memoria de cálculo estructural | E34: V 2.0 - PRELIMINAR A ENTREGA A REVISORES | F34: 2 | H34: 2 | I34: -2 | J34: 0 | K34: OK
A35: LNM5 - 0126 - Chorrillos (Matellini) - Arq. Martin | B35: Exp. Licencia mod. B | C35: ESTRUCTURAS | D35: ESTRUCTURAS - Planos de cimentación | E35: V 2.0 - PRELIMINAR A ENTREGA A REVISORES | F35: 2 | H35: 2 | I35: -2 | J35: 0 | K35: OK
A36: LNM5 - 0126 - Chorrillos (Matellini) - Arq. Martin | B36: Exp. Licencia mod. B | C36: ESTRUCTURAS | D36: ESTRUCTURAS - Modelado de estructuras de cimentación | E36: V 2.0 - PRELIMINAR A ENTREGA A REVISORES | F36: 5 | H36: 5 | I36: 4 | J36: 0 | K36: OK
A37: LNM5 - 0126 - Chorrillos (Matellini) - Arq. Martin | B37: Exp. Licencia mod. B | C37: ESTRUCTURAS | D37: ESTRUCTURAS - Cortes de cimentación | E37: V 2.0 - PRELIMINAR A ENTREGA A REVISORES | F37: 1 | H37: 1 | I37: -1 | J37: 0 | K37: OK
A38: LNM5 - 0126 - Chorrillos (Matellini) - Arq. Martin | B38: Exp. Licencia mod. B | C38: ESTRUCTURAS | D38: ESTRUCTURAS - Detalle y corte de cisterna | E38: V 2.0 - PRELIMINAR A ENTREGA A REVISORES | F38: 2.5 | H38: 2.5 | I38: -2.5 | J38: 0 | K38: OK
A39: LNM5 - 0126 - Chorrillos (Matellini) - Arq. Martin | B39: Exp. Licencia mod. B | C39: ESTRUCTURAS | D39: ESTRUCTURAS - Revision de Revisores | E39: V 2.1 - ENTREGA TÉCNICA FINAL DE EXPEDIENTE A REVISORES | F39: 0 | H39: 0 | J39: 0 | K39: OK
A40: LNM5 - 0126 - Chorrillos (Matellini) - Arq. Martin | B40: Exp. Licencia mod. B | C40: ESTRUCTURAS | D40: ESTRUCTURAS - Lev. de Observaciones de revisores | E40: V 2.1 - ENTREGA TÉCNICA FINAL DE EXPEDIENTE A REVISORES | F40: 9 | H40: 9 | J40: 9 | K40: OK
A41: LNM5 - 0126 - Chorrillos (Matellini) - Arq. Martin | B41: Exp. Licencia mod. B | C41: ESTRUCTURAS | D41: ESTRUCTURAS - Revision de Municipalidad | E41: V 3.1 - ENTREGA TÉCNICA FINAL DE EXPEDIENTE A REVISORES | F41: 0 | H41: 0 | J41: 0 | K41: OK
A42: LNM5 - 0126 - Chorrillos (Matellini) - Arq. Martin | B42: Exp. Licencia mod. B | C42: ESTRUCTURAS | D42: ESTRUCTURAS - Lev. de Observaciones de Muni | E42: V 3.0 - PRELIMINAR A ENTREGA A MUNI | F42: 9 | H42: 9 | J42: 9 | K42: OK
A43: LNM5 - 0126 - Chorrillos (Matellini) - Arq. Martin | B43: Exp. Licencia mod. B | C43: INST. ELECTRICAS | D43: IIEE - Plano de luminarias | E43: V 2.0 - PRELIMINAR A ENTREGA A REVISORES | F43: 9 | H43: 9 | I43: -9 | J43: 0 | K43: OK
A44: LNM5 - 0126 - Chorrillos (Matellini) - Arq. Martin | B44: Exp. Licencia mod. B | C44: INST. ELECTRICAS | D44: IIEE - Plano de tomacorrientes y comunicaciones | E44: V 2.0 - PRELIMINAR A ENTREGA A REVISORES | F44: 9 | H44: 9 | I44: -5 | J44: 0 | K44: OK
A45: LNM5 - 0126 - Chorrillos (Matellini) - Arq. Martin | B45: Exp. Licencia mod. B | C45: INST. ELECTRICAS | D45: IIEE - Excel de cálculos eléctricos | E45: V 2.0 - PRELIMINAR A ENTREGA A REVISORES | F45: 7 | H45: 7 | I45: -7 | J45: 0 | K45: OK
A46: LNM5 - 0126 - Chorrillos (Matellini) - Arq. Martin | B46: Exp. Licencia mod. B | C46: INST. ELECTRICAS | D46: IIEE - Cuadro de cargas y unifilares | E46: V 2.0 - PRELIMINAR A ENTREGA A REVISORES | F46: 3 | H46: 3 | I46: -3 | J46: 0 | K46: OK
A47: LNM5 - 0126 - Chorrillos (Matellini) - Arq. Martin | B47: Exp. Licencia mod. B | C47: INST. ELECTRICAS | D47: IIEE - Memoria eléctrica | E47: V 2.0 - PRELIMINAR A ENTREGA A REVISORES | F47: 1 | H47: 1 | I47: -1 | J47: 0 | K47: OK
A48: LNM5 - 0126 - Chorrillos (Matellini) - Arq. Martin | B48: Exp. Licencia mod. B | C48: INST. ELECTRICAS | D48: TAREAS ADMINISTRATIVAS - Solicitar FACTBILIDAD a LUZ DEL SUR/ENEL | E48: V 2.0 - PRELIMINAR A ENTREGA A REVISORES | F48: 2 | H48: 2 | I48: -2 | J48: 0 | K48: OK
A49: LNM5 - 0126 - Chorrillos (Matellini) - Arq. Martin | B49: Exp. Licencia mod. B | C49: INST. ELECTRICAS | D49: IIEE - Lev. de Observaciones de Muni | E49: V 3.0 - PRELIMINAR A ENTREGA A MUNI | F49: 5 | H49: 5 | J49: 5 | K49: OK
A50: LNM5 - 0126 - Chorrillos (Matellini) - Arq. Martin | B50: Exp. Licencia mod. B | C50: INST. ELECTRICAS | D50: IIEE - Revision de Revisores | E50: V 2.1 - ENTREGA TÉCNICA FINAL DE EXPEDIENTE A REVISORES | F50: 0 | H50: 0 | J50: 0 | K50: OK
A51: LNM5 - 0126 - Chorrillos (Matellini) - Arq. Martin | B51: Exp. Licencia mod. B | C51: INST. ELECTRICAS | D51: IIEE - Revision de Municipalidad | E51: V 3.1 - ENTREGA TÉCNICA FINAL DE EXPEDIENTE A REVISORES | F51: 0 | H51: 0 | J51: 0 | K51: OK
A52: LNM5 - 0126 - Chorrillos (Matellini) - Arq. Martin | B52: Exp. Licencia mod. B | C52: INST. ELECTRICAS | D52: IIEE - Lev. de Observaciones de revisores | E52: V 3.0 - PRELIMINAR A ENTREGA A MUNI | F52: 5 | H52: 5 | J52: 5 | K52: OK
A53: LNM5 - 0126 - Chorrillos (Matellini) - Arq. Martin | B53: Exp. Licencia mod. B | C53: INST. SANITARIAS | D53: IISS - PLANOS DE AGUA | E53: V 2.0 - PRELIMINAR A ENTREGA A REVISORES | F53: 4 | H53: 4 | I53: 2 | J53: 0 | K53: OK
A54: LNM5 - 0126 - Chorrillos (Matellini) - Arq. Martin | B54: Exp. Licencia mod. B | C54: INST. SANITARIAS | D54: IISS - PLANOS DE DESAGUE | E54: V 2.0 - PRELIMINAR A ENTREGA A REVISORES | F54: 4 | H54: 4 | J54: 0 | K54: OK
A55: LNM5 - 0126 - Chorrillos (Matellini) - Arq. Martin | B55: Exp. Licencia mod. B | C55: INST. SANITARIAS | D55: IISS - Plano de detalle | E55: V 2.0 - PRELIMINAR A ENTREGA A REVISORES | F55: 1 | H55: 1 | I55: -1 | J55: 0 | K55: OK
A56: LNM5 - 0126 - Chorrillos (Matellini) - Arq. Martin | B56: Exp. Licencia mod. B | C56: INST. SANITARIAS | D56: IISS - Documentos para factibilidad | E56: V 2.0 - PRELIMINAR A ENTREGA A REVISORES | F56: 7 | H56: 7 | I56: -3 | J56: 0 | K56: OK
A57: LNM5 - 0126 - Chorrillos (Matellini) - Arq. Martin | B57: Exp. Licencia mod. B | C57: INST. SANITARIAS | D57: IISS - Propuesta de Cisterna y/o T.E. | E57: V 1.0 - PRELIMINAR A LA APROBACIÓN ARQUITECTÓNICA | F57: 0.5 | H57: 0.5 | I57: -0.5 | J57: 0 | K57: OK
A58: LNM5 - 0126 - Chorrillos (Matellini) - Arq. Martin | B58: Exp. Licencia mod. B | C58: INST. SANITARIAS | D58: IISS - Isométrico de agua | E58: V 2.0 - PRELIMINAR A ENTREGA A REVISORES | F58: 5 | H58: 5 | J58: 0 | K58: OK
A59: LNM5 - 0126 - Chorrillos (Matellini) - Arq. Martin | B59: Exp. Licencia mod. B | C59: INST. SANITARIAS | D59: IISS - Memoria sanitaria | E59: V 2.0 - PRELIMINAR A ENTREGA A REVISORES | F59: 3 | H59: 3 | J59: 0 | K59: OK
A60: LNM5 - 0126 - Chorrillos (Matellini) - Arq. Martin | B60: Exp. Licencia mod. B | C60: INST. SANITARIAS | D60: TAREAS ADMINISTRATIVAS - Solicitar FACTIBILIDAD a SEDAPAL | E60: V 2.0 - PRELIMINAR A ENTREGA A REVISORES | F60: 4 | H60: 4 | I60: -4 | J60: 0 | K60: OK
A61: LNM5 - 0126 - Chorrillos (Matellini) - Arq. Martin | B61: Exp. Licencia mod. B | C61: INST. SANITARIAS | D61: IISS - Lev. de Observaciones de Muni | E61: V 3.0 - PRELIMINAR A ENTREGA A MUNI | F61: 9 | H61: 9 | J61: 9 | K61: OK
A62: LNM5 - 0126 - Chorrillos (Matellini) - Arq. Martin | B62: Exp. Licencia mod. B | C62: INST. SANITARIAS | D62: IISS - Revision de Municipalidad | E62: V 3.1 - ENTREGA TÉCNICA FINAL DE EXPEDIENTE A REVISORES | F62: 0 | H62: 0 | J62: 0 | K62: OK
A63: LNM5 - 0126 - Chorrillos (Matellini) - Arq. Martin | B63: Exp. Licencia mod. B | C63: INST. SANITARIAS | D63: IISS - Revision de Revisores | E63: V 2.1 - ENTREGA TÉCNICA FINAL DE EXPEDIENTE A REVISORES | F63: 0 | H63: 0 | J63: 0 | K63: OK
A64: LNM5 - 0126 - Chorrillos (Matellini) - Arq. Martin | B64: Exp. Licencia mod. B | C64: INST. SANITARIAS | D64: IISS - Lev. de Observaciones de revisores | E64: V 3.0 - PRELIMINAR A ENTREGA A MUNI | F64: 9 | H64: 9 | J64: 9 | K64: OK
A65: LNM5 - 0126 - Chorrillos (Matellini) - Arq. Martin | B65: Exp. Licencia mod. B | C65: INST. GAS | D65: IIGG - Plano de gas | E65: V 2.0 - PRELIMINAR A ENTREGA A REVISORES | F65: 4 | H65: 4 | I65: -4 | J65: 0 | K65: OK
A66: LNM5 - 0126 - Chorrillos (Matellini) - Arq. Martin | B66: Exp. Licencia mod. B | C66: INST. GAS | D66: IIGG - Memoria de gas | E66: V 2.0 - PRELIMINAR A ENTREGA A REVISORES | F66: 1 | H66: 1 | I66: -1 | J66: 0 | K66: OK
A67: LNM5 - 0126 - Chorrillos (Matellini) - Arq. Martin | B67: Exp. Licencia mod. B | C67: INST. GAS | D67: IIGG - Documentos para factibilidad | E67: V 2.0 - PRELIMINAR A ENTREGA A REVISORES | F67: 5 | H67: 5 | I67: -5 | J67: 0 | K67: OK
A68: LNM5 - 0126 - Chorrillos (Matellini) - Arq. Martin | B68: Exp. Licencia mod. B | C68: INST. GAS | D68: TAREAS ADMINISTRATIVAS - Solicitar FACTIBILIDAD a CALIDA | E68: V 2.0 - PRELIMINAR A ENTREGA A REVISORES | F68: 5 | H68: 5 | I68: -5 | J68: 0 | K68: OK
A69: LNM5 - 0126 - Chorrillos (Matellini) - Arq. Martin | B69: Exp. Licencia mod. B | C69: INST. GAS | D69: Tramites administrativos - Ingresar expediente a Calidad | E69: V 2.0 - PRELIMINAR A ENTREGA A REVISORES | F69: 0 | H69: 0 | J69: 0 | K69: OK
A70: LNM5 - 0126 - Chorrillos (Matellini) - Arq. Martin | B70: Exp. Licencia mod. B | C70: INST. GAS | D70: GAS - Lev. de Observaciones de revisores | E70: V 3.0 - PRELIMINAR A ENTREGA A MUNI | F70: 2 | H70: 2 | J70: 2 | K70: OK
A71: LNM5 - 0126 - Chorrillos (Matellini) - Arq. Martin | B71: Exp. Licencia mod. B | C71: INST. GAS | D71: GAS - Revision de Revisores | E71: V 2.1 - ENTREGA TÉCNICA FINAL DE EXPEDIENTE A REVISORES | F71: 0 | H71: 0 | J71: 0 | K71: OK
A72: LNM5 - 0126 - Chorrillos (Matellini) - Arq. Martin | B72: Exp. Licencia mod. B | C72: INST. GAS | D72: GAS - Lev. de observaciones de municipalidad | E72: V 3.0 - PRELIMINAR A ENTREGA A MUNI | F72: 2 | H72: 2 | J72: 2 | K72: OK
A73: LNM5 - 0126 - Chorrillos (Matellini) - Arq. Martin | B73: Exp. Licencia mod. B | C73: INST. GAS | D73: GAS - Revisión de municipalidad | E73: V 3.1 - ENTREGA TÉCNICA FINAL DE EXPEDIENTE A REVISORES | F73: 0 | H73: 0 | J73: 0 | K73: OK
A74: LNM5 - 0126 - Chorrillos (Matellini) - Arq. Martin | B74: Exp. Licencia mod. B | C74: SUELOS | D74: EMS - Excel de ensayos | E74: V 1.0 - PRELIMINAR A LA APROBACIÓN ARQUITECTÓNICA | F74: 3 | H74: 3 | I74: -3 | J74: 0 | K74: OK
A75: LNM5 - 0126 - Chorrillos (Matellini) - Arq. Martin | B75: Exp. Licencia mod. B | C75: SUELOS | D75: EMS - Informe de EMS | E75: V 2.0 - PRELIMINAR A ENTREGA A REVISORES | F75: 4 | H75: 4 | I75: -4 | J75: 0 | K75: OK
A76: LNM5 - 0126 - Chorrillos (Matellini) - Arq. Martin | B76: Exp. Licencia mod. B | C76: GESTIÓN Y ADMINISTRACIÓN | D76: TAREAS ADMINISTRATIVAS - Crear grupo de WPS con cliente y equipo | E76: V 0.0 - INICIO DEL PROYECTO | F76: 0 | H76: 0 | J76: 0 | K76: OK
A77: LNM5 - 0126 - Chorrillos (Matellini) - Arq. Martin | B77: Exp. Licencia mod. B | C77: GESTIÓN Y ADMINISTRACIÓN | D77: TAREAS ADMINISTRATIVAS - Crear DRIVE del proyecto | E77: V 0.0 - INICIO DEL PROYECTO | F77: 0 | H77: 0 | J77: 0 | K77: OK
A78: LNM5 - 0126 - Chorrillos (Matellini) - Arq. Martin | B78: Exp. Licencia mod. B | C78: GESTIÓN Y ADMINISTRACIÓN | D78: TAREAS ADMINISTRATIVAS - Coordinar dia y hora para realizar calicatas y tomar medidas de terreno | E78: V 0.0 - INICIO DEL PROYECTO | F78: 0 | H78: 0 | J78: 0 | K78: OK
A79: LNM5 - 0126 - Chorrillos (Matellini) - Arq. Martin | B79: Exp. Licencia mod. B | C79: GESTIÓN Y ADMINISTRACIÓN | D79: TAREAS ADMINISTRATIVAS - COORDINAR ENTREGA DE EXPEDIENTE APROBADO A REVISORES PARA QUE FIRME | E79: V 3.0 - PRELIMINAR A ENTREGA A MUNI | F79: 0 | H79: 0 | J79: 0 | K79: OK
A80: LNM5 - 0126 - Chorrillos (Matellini) - Arq. Martin | B80: Exp. Licencia mod. B | C80: GESTIÓN Y ADMINISTRACIÓN | D80: TAREAS ADMINISTRATIVAS - Coordinar 1era reunión con cliente | E80: V 0.0 - INICIO DEL PROYECTO | F80: 0 | H80: 0 | J80: 0 | K80: OK
A81: LNM5 - 0126 - Chorrillos (Matellini) - Arq. Martin | B81: Exp. Licencia mod. B | C81: GESTIÓN Y ADMINISTRACIÓN | D81: TAREAS ADMINISTRATIVAS - Realizar 1era reunión con cliente | E81: V 0.0 - INICIO DEL PROYECTO | F81: 0 | H81: 0 | J81: 0 | K81: OK
A82: LNM5 - 0126 - Chorrillos (Matellini) - Arq. Martin | B82: Exp. Licencia mod. B | C82: GESTIÓN Y ADMINISTRACIÓN | D82: TAREAS ADMINISTRATIVAS - Entrega de expediente impreso a cliente | E82: V 2.1 - ENTREGA TÉCNICA FINAL DE EXPEDIENTE A REVISORES | F82: 0.5 | H82: 0.5 | J82: 0.5 | K82: OK
A83: LNM5 - 0126 - Chorrillos (Matellini) - Arq. Martin | B83: Exp. Licencia mod. B | C83: GESTIÓN Y ADMINISTRACIÓN | D83: TAREAS ADMINISTRATIVAS - Subir fotos de calicatas al drive | E83: V 1.0 - PRELIMINAR A LA APROBACIÓN ARQUITECTÓNICA | F83: 0 | H83: 0 | J83: 0 | K83: OK
A84: LNM5 - 0126 - Chorrillos (Matellini) - Arq. Martin | B84: Exp. Licencia mod. B | C84: GESTIÓN Y ADMINISTRACIÓN | D84: TAREAS ADMINISTRATIVAS - ENTREGA DE EXPEDIENTE FINAL FIRMADO A MUNICIPALIDAD | E84: V 3.1 - ENTREGA TÉCNICA FINAL DE EXPEDIENTE A REVISORES | F84: 0 | H84: 0 | J84: 0 | K84: OK
A85: LNM5 - 0126 - Chorrillos (Matellini) - Arq. Martin | B85: Exp. Licencia mod. B | C85: GESTIÓN Y ADMINISTRACIÓN | D85: TAREAS ADMINISTRATIVAS - EMISIÓN DE LICENCIA DE EDIFICACIÓN | E85: V 3.1 - ENTREGA TÉCNICA FINAL DE EXPEDIENTE A REVISORES | F85: 0 | H85: 0 | J85: 0 | K85: OK

Sheet MH-LAM4 -1225-San Miguel-Antoni
A1: NOMBRE DE PROYECTO | B1: TIPO DE EXPEDIENTE | C1: ESPECIALIDAD | D1: PARTIDA | E1: VERSIÓN | F1: HORAS CALENDARIO TECNICOS LABORADOS PARA PERSONA CON RENDIMIENTO AL 100% | G1: HORAS CALENDARIO EN REUNIONES CON CLIENTES PARA PERSONA CON RENDIMIENTO AL 100% | H1: TOTAL | I1: HORAS ADCIONALES | J1: TOTAL HORAS RESTANTES | K1: Column11
A2: LAM4 -1225- San Miguel - Antonio Burneo | B2: Exp. Licencia mod. B | C2: ARQUITECTURA | D2: ARQUITECTURA - Render 3D de interiores | E2: V 3.0 - PRELIMINAR A ENTREGA A MUNI | F2: 12 | H2: 12 | J2: 12 | K2: OK
A3: LAM4 -1225- San Miguel - Antonio Burneo | B3: Exp. Licencia mod. B | C3: ARQUITECTURA | D3: ARQUITECTURA - Reunión con cliente para ver interiores | E3: V 3.0 - PRELIMINAR A ENTREGA A MUNI | F3: 12 | H3: 12 | J3: 12 | K3: OK
A4: LAM4 -1225- San Miguel - Antonio Burneo | B4: Exp. Licencia mod. B | C4: ARQUITECTURA | D4: TAREAS ADMINISTRATIVAS - Corroborar bloque actualizado en todas las especialidades | E4: V 3.0 - PRELIMINAR A ENTREGA A MUNI | F4: 0 | H4: 0 | J4: 0 | K4: OK
A5: LAM4 -1225- San Miguel - Antonio Burneo | B5: Exp. Licencia mod. B | C5: ARQUITECTURA | D5: TAREAS ADMINISTRATIVAS - MANDAR A IMPRENTA PLANOS A PLOTEAR | E5: V 3.0 - PRELIMINAR A ENTREGA A MUNI | F5: 0 | H5: 0 | J5: 0 | K5: OK
A6: LAM4 -1225- San Miguel - Antonio Burneo | B6: Exp. Licencia mod. B | C6: ARQUITECTURA | D6: TAREAS ADMINISTRATIVAS - Corroborar membrete de todas las especialidades | E6: V 3.0 - PRELIMINAR A ENTREGA A MUNI | F6: 4 | H6: 4 | J6: 4 | K6: OK
A7: LAM4 -1225- San Miguel - Antonio Burneo | B7: Exp. Licencia mod. B | C7: ARQUITECTURA | D7: ARQUITECTURA - Revisión Muni | E7: V 3.1 - ENTREGA TÉCNICA FINAL A MUNI | F7: 0 | H7: 0 | J7: 0 | K7: OK
A8: LAM4 -1225- San Miguel - Antonio Burneo | B8: Exp. Licencia mod. B | C8: ARQUITECTURA | D8: ARQUITECTURA - Lev. de observaciones Municipalidad | E8: V 3.0 - PRELIMINAR A ENTREGA A MUNI | F8: 5 | H8: 5 | J8: 5 | K8: OK
A9: LAM4 -1225- San Miguel - Antonio Burneo | B9: Exp. Licencia mod. B | C9: ESTRUCTURAS | D9: ESTRUCTURAS - Rev. de Muni | E9: V 3.1 - ENTREGA TÉCNICA FINAL A MUNI | F9: 0 | H9: 0 | J9: 0 | K9: OK
A10: LAM4 -1225- San Miguel - Antonio Burneo | B10: Exp. Licencia mod. B | C10: ESTRUCTURAS | D10: ESTRUCTURAS - Lev. de Observaciones de Muni | E10: V 3.0 - PRELIMINAR A ENTREGA A MUNI | F10: 9 | H10: 9 | J10: 9 | K10: OK
A11: LAM4 -1225- San Miguel - Antonio Burneo | B11: Exp. Licencia mod. B | C11: INST. ELECTRICAS | D11: IIEE - Lev. de observaciones de Muni | E11: V 3.0 - PRELIMINAR A ENTREGA A MUNI | F11: 4 | H11: 4 | J11: 4 | K11: OK
A12: LAM4 -1225- San Miguel - Antonio Burneo | B12: Exp. Licencia mod. B | C12: INST. ELECTRICAS | D12: IIEE - Lev. de observaciones de Revisores | E12: V 2.0 - PRELIMINAR A ENTREGA A REVISORES | F12: 4 | H12: 4 | I12: -4 | J12: 0 | K12: OK
A13: LAM4 -1225- San Miguel - Antonio Burneo | B13: Exp. Licencia mod. B | C13: INST. ELECTRICAS | D13: IIEE - Revisión de Revisores | E13: V 2.1 - ENTREGA TÉCNICA FINAL A REVISORES | F13: 0 | H13: 0 | J13: 0 | K13: OK
A14: LAM4 -1225- San Miguel - Antonio Burneo | B14: Exp. Licencia mod. B | C14: INST. ELECTRICAS | D14: IIEE - Revisión de Municipalidad | E14: V 3.1 - ENTREGA TÉCNICA FINAL A MUNI | F14: 0 | H14: 0 | J14: 0 | K14: OK
A15: LAM4 -1225- San Miguel - Antonio Burneo | B15: Exp. Licencia mod. B | C15: INST. SANITARIAS | D15: IISS - Revisión de Municipalidad | E15: V 3.1 - ENTREGA TÉCNICA FINAL A MUNI | F15: 0 | H15: 0 | J15: 0 | K15: OK
A16: LAM4 -1225- San Miguel - Antonio Burneo | B16: Exp. Licencia mod. B | C16: INST. SANITARIAS | D16: IISS - Lev. de observaciones Muni | E16: V 3.0 - PRELIMINAR A ENTREGA A MUNI | F16: 5 | H16: 5 | J16: 5 | K16: OK
A17: LAM4 -1225- San Miguel - Antonio Burneo | B17: Exp. Licencia mod. B | C17: INST. GAS | D17: IIGG - Lev. de Observaciones de Muni | E17: V 3.0 - PRELIMINAR A ENTREGA A MUNI | F17: 1 | H17: 1 | J17: 1 | K17: OK
A18: LAM4 -1225- San Miguel - Antonio Burneo | B18: Exp. Licencia mod. B | C18: INST. GAS | D18: IIGG - Revisión de Municipalidad | E18: V 3.1 - ENTREGA TÉCNICA FINAL A MUNI | F18: 0 | H18: 0 | J18: 0 | K18: OK
A19: LAM4 -1225- San Miguel - Antonio Burneo | B19: Exp. Licencia mod. B | C19: SUELOS | D19: EMS - Excel de ensayos | E19: V 1.0 - PRELIMINAR A LA APROBACIÓN ARQUITECTÓNICA | F19: 0 | H19: 0 | J19: 0 | K19: OK
A20: LAM4 -1225- San Miguel - Antonio Burneo | B20: Exp. Licencia mod. B | C20: SUELOS | D20: EMS - Plano topográfico | E20: V 2.0 - PRELIMINAR A ENTREGA A REVISORES | F20: 0 | H20: 0 | J20: 0 | K20: OK
A21: LAM4 -1225- San Miguel - Antonio Burneo | B21: Exp. Licencia mod. B | C21: SUELOS | D21: EMS - Informe de EMS | E21: V 2.0 - PRELIMINAR A ENTREGA A REVISORES | F21: 0 | H21: 0 | J21: 0 | K21: OK
A22: LAM4 -1225- San Miguel - Antonio Burneo | B22: Exp. Licencia mod. B | C22: GESTIÓN Y ADMINISTRACIÓN | D22: TAREAS ADMINISTRATIVAS - COORDINAR ENTREGA DE EXPEDIENTE CON CLIENTE | E22: V 2.0 - PRELIMINAR A ENTREGA A REVISORES | F22: 0 | H22: 0 | J22: 0 | K22: OK
A23: LAM4 -1225- San Miguel - Antonio Burneo | B23: Exp. Licencia mod. B | C23: GESTIÓN Y ADMINISTRACIÓN | D23: TAREAS ADMINISTRATIVAS - Entrega de expediente impreso a cliente | E23: V 2.1 - ENTREGA TÉCNICA FINAL A REVISORES | F23: 0 | H23: 0 | J23: 0 | K23: OK

Sheet MH-LNM10-0425-San Bartolo-Tafur
A1: NOMBRE DE PROYECTO | B1: TIPO DE EXPEDIENTE | C1: ESPECIALIDAD | D1: PARTIDA | E1: VERSIÓN | F1: HORAS CALENDARIO TECNICOS LABORADOS PARA PERSONA CON RENDIMIENTO AL 100% | G1: HORAS CALENDARIO EN REUNIONES CON CLIENTES PARA PERSONA CON RENDIMIENTO AL 100% | H1: TOTAL | I1: HORAS ADCIONALES | J1: TOTAL HORAS RESTANTES | K1: Column11
A2: LNM10 - 0425 - San Bartolo 02 (SAN MARTIN) - Arq. Tafur | B2: Exp. Licencia mod. B | C2: INST. ELECTRICAS | D2: IIEE - Revisión por Revisores | E2: V 2.1 - ENTREGA TÉCNICA FINAL DE REVISOR | F2: 0 | H2: 0 | J2: 0 | K2: OK
A3: LNM10 - 0425 - San Bartolo 02 (SAN MARTIN) - Arq. Tafur | B3: Exp. Licencia mod. B | C3: INST. ELECTRICAS | D3: IIEE - Revisión por Muni | E3: V 3.1 - ENTREGA TÉCNICA FINAL DE MUNI | F3: 0 | H3: 0 | J3: 0 | K3: OK
A4: LNM10 - 0425 - San Bartolo 02 (SAN MARTIN) - Arq. Tafur | B4: Exp. Licencia mod. B | C4: INST. ELECTRICAS | D4: IIEE - Lev. de observaciones por Muni | E4: V 3.0 - PRELIMINAR A ENTREGA DE MUNI | F4: 4 | H4: 4 | J4: 4 | K4: OK
A5: LNM10 - 0425 - San Bartolo 02 (SAN MARTIN) - Arq. Tafur | B5: Exp. Licencia mod. B | C5: INST. ELECTRICAS | D5: IIEE - Lev. de observaciones por revisor | E5: V 3.1 - ENTREGA TÉCNICA FINAL DE MUNI | F5: 9 | H5: 9 | J5: 9 | K5: OK
A6: LNM10 - 0425 - San Bartolo 02 (SAN MARTIN) - Arq. Tafur | B6: Exp. Licencia mod. B | C6: INST. ELECTRICAS | D6: IIEE - MEMORIA DESCRIPTIVA Y DE CALCULO | E6: V 2.0 - PRELIMINAR A ENTREGA DE REVISOR | F6: 1 | H6: 1 | J6: 0 | K6: OK
A7: LNM10 - 0425 - San Bartolo 02 (SAN MARTIN) - Arq. Tafur | B7: Exp. Licencia mod. B | C7: INST. ELECTRICAS | D7: IIEE - MODIFICAR LUMINARIAS | E7: V 2.0 - PRELIMINAR A ENTREGA DE REVISOR | F7: 2 | H7: 2 | J7: 0 | K7: OK
A8: LNM10 - 0425 - San Bartolo 02 (SAN MARTIN) - Arq. Tafur | B8: Exp. Licencia mod. B | C8: INST. ELECTRICAS | D8: IIEE - MODIFICAR DIAGRAMAS | E8: V 2.0 - PRELIMINAR A ENTREGA DE REVISOR | F8: 1 | H8: 1 | J8: 0 | K8: OK
A9: LNM10 - 0425 - San Bartolo 02 (SAN MARTIN) - Arq. Tafur | B9: Exp. Licencia mod. B | C9: INST. ELECTRICAS | D9: IIEE - MODIFICAR TOMACORRIENTES, COMUNCIACIONES Y ALARMA CONTRAINCENDIO | E9: V 2.0 - PRELIMINAR A ENTREGA DE REVISOR | F9: 2 | H9: 2 | J9: 0 | K9: OK
A10: LNM10 - 0425 - San Bartolo 02 (SAN MARTIN) - Arq. Tafur | B10: Exp. Licencia mod. B | C10: GESTIÓN Y ADMINISTRACIÓN | D10: TAREAS ADMINISTRATIVAS - COORDINAR ENTREGA DE EXPEDIENTE CON CLIENTE | E10: V 2.0 - PRELIMINAR A ENTREGA DE REVISOR | F10: 0.5 | H10: 0.5 | J10: 0.5 | K10: OK
A11: LNM10 - 0425 - San Bartolo 02 (SAN MARTIN) - Arq. Tafur | B11: Exp. Licencia mod. B | C11: GESTIÓN Y ADMINISTRACIÓN | D11: TAREAS ADMINISTRATIVAS - Firmar expediente | E11: V 2.0 - PRELIMINAR A ENTREGA DE REVISOR | F11: 3 | H11: 3 | J11: 3 | K11: OK
A12: LNM10 - 0425 - San Bartolo 02 (SAN MARTIN) - Arq. Tafur | B12: Exp. Licencia mod. B | C12: GESTIÓN Y ADMINISTRACIÓN | D12: TAREAS ADMINISTRATIVAS - Entrega de expediente impreso a cliente | E12: V 2.1 - ENTREGA TÉCNICA FINAL DE REVISOR | F12: 0.5 | H12: 0.5 | J12: 0.5 | K12: OK

Sheet MH-ESTRU-ONM7 - SMP - Remo Mele
A1: NOMBRE DE PROYECTO | B1: TIPO DE EXPEDIENTE | C1: ESPECIALIDAD | D1: PARTIDA | E1: VERSIÓN | F1: HORAS CALENDARIO TECNICOS LABORADOS PARA PERSONA CON RENDIMIENTO AL 100% | G1: HORAS CALENDARIO EN REUNIONES CON CLIENTES PARA PERSONA CON RENDIMIENTO AL 100% | H1: TOTAL | I1: HORAS ADCIONALES | J1: TOTAL HORAS RESTANTES | K1: Column11
A2: ONM7 - SMP - Remo Melendez | B2: Exp. Obra + EMS | C2: ESTRUCTURAS | D2: ESTRUCTURAS - Modelado de estructuras de techos | E2: V 1.0 - PRELIMINAR A LA APROBACIÓN ARQUITECTÓNICA | F2: 3.5 | H2: 3.5 | J2: 3.5 | K2: OK
A3: ONM7 - SMP - Remo Melendez | B3: Exp. Obra + EMS | C3: ESTRUCTURAS | D3: ESTRUCTURAS - Propuesta estructural de columnas, placas y vigas | E3: V 1.0 - PRELIMINAR A LA APROBACIÓN ARQUITECTÓNICA | F3: 1 | H3: 1 | J3: 1 | K3: OK
A4: ONM7 - SMP - Remo Melendez | B4: Exp. Obra + EMS | C4: ESTRUCTURAS | D4: TAREAS ADMINISTRATIVAS - Junta de ingenierías | E4: V 1.0 - PRELIMINAR A LA APROBACIÓN ARQUITECTÓNICA | F4: 4 | H4: 4 | J4: 4 | K4: OK
A5: ONM7 - SMP - Remo Melendez | B5: Exp. Obra + EMS | C5: ESTRUCTURAS | D5: ESTRUCTURAS - Planos de encofrados de techos | E5: V 2.0 - PRELIMINAR A ENTREGA DEL EXPEDIENTE | F5: 3.5 | H5: 3.5 | J5: 3.5 | K5: OK
A6: ONM7 - SMP - Remo Melendez | B6: Exp. Obra + EMS | C6: ESTRUCTURAS | D6: ESTRUCTURAS - Planos de diseño de aceros de encofrados | E6: V 2.0 - PRELIMINAR A ENTREGA DEL EXPEDIENTE | F6: 2 | H6: 2 | J6: 2 | K6: OK
A7: ONM7 - SMP - Remo Melendez | B7: Exp. Obra + EMS | C7: ESTRUCTURAS | D7: ESTRUCTURAS - Especificaciones generales | E7: V 2.0 - PRELIMINAR A ENTREGA DEL EXPEDIENTE | F7: 3.5 | H7: 3.5 | J7: 3.5 | K7: OK
A8: ONM7 - SMP - Remo Melendez | B8: Exp. Obra + EMS | C8: ESTRUCTURAS | D8: ESTRUCTURAS - Desarrollo de vigas | E8: V 2.0 - PRELIMINAR A ENTREGA DEL EXPEDIENTE | F8: 2 | H8: 2 | J8: 2 | K8: OK
A9: ONM7 - SMP - Remo Melendez | B9: Exp. Obra + EMS | C9: ESTRUCTURAS | D9: ESTRUCTURAS - Cortes de escalera de concreto | E9: V 2.0 - PRELIMINAR A ENTREGA DEL EXPEDIENTE | F9: 3 | H9: 3 | J9: 3 | K9: OK
A10: ONM7 - SMP - Remo Melendez | B10: Exp. Obra + EMS | C10: ESTRUCTURAS | D10: ESTRUCTURAS - Planos de cimentación | E10: V 2.0 - PRELIMINAR A ENTREGA DEL EXPEDIENTE | F10: 2 | H10: 2 | J10: 2 | K10: OK
A11: ONM7 - SMP - Remo Melendez | B11: Exp. Obra + EMS | C11: ESTRUCTURAS | D11: ESTRUCTURAS - Cortes de cimentación | E11: V 2.0 - PRELIMINAR A ENTREGA DEL EXPEDIENTE | F11: 1 | H11: 1 | J11: 1 | K11: OK
A12: ONM7 - SMP - Remo Melendez | B12: Exp. Obra + EMS | C12: ESTRUCTURAS | D12: ESTRUCTURAS - Detalle y corte de cisterna | E12: V 2.0 - PRELIMINAR A ENTREGA DEL EXPEDIENTE | F12: 2.5 | H12: 2.5 | J12: 2.5 | K12: OK
A13: ONM7 - SMP - Remo Melendez | B13: Exp. Obra + EMS | C13: ESTRUCTURAS | D13: ESTRUCTURAS - Cuadro de vigas en encofrados | E13: V 2.0 - PRELIMINAR A ENTREGA DEL EXPEDIENTE | F13: 1 | H13: 1 | J13: 1 | K13: OK
... A18: ONM7 - SMP - Remo Melendez | B18: Exp. Obra + EMS | C18: ESTRUCTURAS | D18: ESTRUCTURA - Reunión final del proyecto | E18: V 1.0 - PRELIMINAR A LA APROBACIÓN ARQUITECTÓNICA | F18: 4 | H18: 4 | J18: 4 | K18: OK
A19: ONM7 - SMP - Remo Melendez | B19: Exp. Obra + EMS | C19: ARQUITECTURA | D19: ARQUITECTURA - Prop. de diseño preliminar de distribución | E19: V 1.0 - PRELIMINAR A LA APROBACIÓN ARQUITECTÓNICA | F19: 27 | H19: 27 | I19: -8.5 | J19: 0 | K19: OK
A20: ONM7 - SMP - Remo Melendez | B20: Exp. Obra + EMS | C20: ARQUITECTURA | D20: TAREAS ADMINISTRATIVAS - Junta de arquitectos | E20: V 1.0 - PRELIMINAR A LA APROBACIÓN ARQUITECTÓNICA | F20: 0 | H20: 0 | J20: 0 | K20: OK
A21: ONM7 - SMP - Remo Melendez | B21: Exp. Obra + EMS | C21: ARQUITECTURA | D21: TAREAS ADMINISTRATIVAS - Reunión para aprobación de propuesta arquitectónica | E21: V 1.0 - PRELIMINAR A LA APROBACIÓN ARQUITECTÓNICA | F21: 0 | G21: 6 | H21: 6 | I21: -2 | J21: 0 | K21: OK
A22: ONM7 - SMP - Remo Melendez | B22: Exp. Obra + EMS | C22: ARQUITECTURA | D22: ARQUITECTURA - Planos de distribución (PLANTAS) | E22: V 2.0 - PRELIMINAR A ENTREGA DEL EXPEDIENTE | F22: 9 | H22: 9 | J22: 9 | K22: OK
A23: ONM7 - SMP - Remo Melendez | B23: Exp. Obra + EMS | C23: ARQUITECTURA | D23: ARQUITECTURA - Planos de corte y elevación | E23: V 2.0 - PRELIMINAR A ENTREGA DEL EXPEDIENTE | F23: 12 | H23: 12 | J23: 12 | K23: OK
A24: ONM7 - SMP - Remo Melendez | B24: Exp. Obra + EMS | C24: ARQUITECTURA | D24: ARQUITECTURA - Propuesta de render 3D | E24: V 2.0 - PRELIMINAR A ENTREGA DEL EXPEDIENTE | F24: 18 | H24: 18 | J24: 18 | K24: OK
A25: ONM7 - SMP - Remo Melendez | B25: Exp. Obra + EMS | C25: ARQUITECTURA | D25: TAREAS ADMINISTRATIVAS - Reunión para aprobación de fachadas en 3D | E25: V 2.0 - PRELIMINAR A ENTREGA DEL EXPEDIENTE | F25: 0 | G25: 4 | H25: 4 | J25: 4 | K25: OK
A26: ONM7 - SMP - Remo Melendez | B26: Exp. Obra + EMS | C26: ARQUITECTURA | D26: ARQUITECTURA - Reunión final del proyecto | E26: V 1.0 - PRELIMINAR A LA APROBACIÓN ARQUITECTÓNICA | F26: 4 | H26: 4 | J26: 4 | K26: OK
A27: ONM7 - SMP - Remo Melendez | B27: Exp. Obra + EMS | C27: ARQUITECTURA | D27: TAREAS ADMINISTRATIVAS - Corroborar bloque actualizado en todas las especialidades | E27: V 2.0 - PRELIMINAR A ENTREGA DEL EXPEDIENTE | F27: 0 | H27: 0 | J27: 0 | K27: OK
A28: ONM7 - SMP - Remo Melendez | B28: Exp. Obra + EMS | C28: ARQUITECTURA | D28: TAREAS ADMINISTRATIVAS - Corroborar membrete de todas las especialidades | E28: V 2.0 - PRELIMINAR A ENTREGA DEL EXPEDIENTE | F28: 4 | H28: 4 | J28: 4 | K28: OK
A29: ONM7 - SMP - Remo Melendez | B29: Exp. Obra + EMS | C29: ARQUITECTURA | D29: TAREAS ADMINISTRATIVAS - MANDAR A IMPRENTA PLANOS A PLOTEAR | E29: V 2.0 - PRELIMINAR A ENTREGA DEL EXPEDIENTE | F29: 0 | H29: 0 | J29: 0 | K29: OK
A30: ONM7 - SMP - Remo Melendez | B30: Exp. Obra + EMS | C30: INST. GAS | D30: IIGG - Plano de distribución de gas | E30: V 2.0 - PRELIMINAR A ENTREGA DEL EXPEDIENTE | F30: 5 | H30: 5 | J30: 5 | K30: OK
A31: ONM7 - SMP - Remo Melendez | B31: Exp. Obra + EMS | C31: INST. GAS | D31: IIGG - Exponer gas a cliente | E31: V 2.0 - PRELIMINAR A ENTREGA DEL EXPEDIENTE | F31: 0 | G31: 2 | H31: 2 | J31: 2 | K31: OK
A32: ONM7 - SMP - Remo Melendez | B32: Exp. Obra + EMS | C32: INST. ELECTRICAS | D32: IIEE - Propuesta de puntos | E32: V 1.0 - PRELIMINAR A LA APROBACIÓN ARQUITECTÓNICA | F32: 6 | H32: 6 | J32: 6 | K32: OK
A33: ONM7 - SMP - Remo Melendez | B33: Exp. Obra + EMS | C33: INST. ELECTRICAS | D33: IIEE - Reunión para ver prop. de puntos | E33: V 1.0 - PRELIMINAR A LA APROBACIÓN ARQUITECTÓNICA | F33: 4 | H33: 4 | J33: 4 | K33: OK
A34: ONM7 - SMP - Remo Melendez | B34: Exp. Obra + EMS | C34: INST. ELECTRICAS | D34: IIEE - Plano de tomacorrientes | E34: V 2.0 - PRELIMINAR A ENTREGA DEL EXPEDIENTE | F34: 9 | H34: 9 | J34: 9 | K34: OK
A35: ONM7 - SMP - Remo Melendez | B35: Exp. Obra + EMS | C35: INST. ELECTRICAS | D35: IIEE - Plano de luminarias | E35: V 2.0 - PRELIMINAR A ENTREGA DEL EXPEDIENTE | F35: 9 | H35: 9 | J35: 9 | K35: OK
A36: ONM7 - SMP - Remo Melendez | B36: Exp. Obra + EMS | C36: INST. ELECTRICAS | D36: IIEE - Excel de cálculos eléctricos | E36: V 2.0 - PRELIMINAR A ENTREGA DEL EXPEDIENTE | F36: 3 | H36: 3 | J36: 3 | K36: OK
A37: ONM7 - SMP - Remo Melendez | B37: Exp. Obra + EMS | C37: INST. ELECTRICAS | D37: IIEE - Cuadro de cargas y unifilares | E37: V 2.0 - PRELIMINAR A ENTREGA DEL EXPEDIENTE | F37: 6 | H37: 6 | J37: 6 | K37: OK
A38: ONM7 - SMP - Remo Melendez | B38: Exp. Obra + EMS | C38: INST. ELECTRICAS | D38: IIEE - Reunión para exponer planos finales | E38: V 2.0 - PRELIMINAR A ENTREGA DEL EXPEDIENTE | F38: 0 | G38: 4 | H38: 4 | J38: 4 | K38: OK
A39: ONM7 - SMP - Remo Melendez | B39: Exp. Obra + EMS | C39: INST. SANITARIAS | D39: IISS - Propuesta de Cisterna y/o T.E. | E39: V 1.0 - PRELIMINAR A LA APROBACIÓN ARQUITECTÓNICA | F39: 0.5 | H39: 0.5 | J39: 0.5 | K39: OK
A40: ONM7 - SMP - Remo Melendez | B40: Exp. Obra + EMS | C40: INST. SANITARIAS | D40: IISS - PLANOS DE AGUA | E40: V 2.0 - PRELIMINAR A ENTREGA DEL EXPEDIENTE | F40: 6 | H40: 6 | J40: 6 | K40: OK
A41: ONM7 - SMP - Remo Melendez | B41: Exp. Obra + EMS | C41: INST. SANITARIAS | D41: IISS - PLANOS DE DESAGUE | E41: V 2.0 - PRELIMINAR A ENTREGA DEL EXPEDIENTE | F41: 4 | H41: 4 | J41: 4 | K41: OK
A42: ONM7 - SMP - Remo Melendez | B42: Exp. Obra + EMS | C42: INST. SANITARIAS | D42: IISS - Excel de cálculos sanitarios | E42: V 2.0 - PRELIMINAR A ENTREGA DEL EXPEDIENTE | F42: 5 | H42: 5 | J42: 5 | K42: OK
A43: ONM7 - SMP - Remo Melendez | B43: Exp. Obra + EMS | C43: INST. SANITARIAS | D43: IISS - Plano de detalle | E43: V 2.0 - PRELIMINAR A ENTREGA DEL EXPEDIENTE | F43: 6 | H43: 6 | J43: 6 | K43: OK
A44: ONM7 - SMP - Remo Melendez | B44: Exp. Obra + EMS | C44: INST. SANITARIAS | D44: IISS - Reunión para exponer proy. final | E44: V 1.0 - PRELIMINAR A LA APROBACIÓN ARQUITECTÓNICA | F44: 2 | H44: 2 | J44: 2 | K44: OK
A45: ONM7 - SMP - Remo Melendez | B45: Exp. Obra + EMS | C45: SUELOS | D45: EMS - Excel de ensayos | E45: V 2.0 - PRELIMINAR A ENTREGA DEL EXPEDIENTE | F45: 3 | H45: 3 | J45: 3 | K45: OK
A46: ONM7 - SMP - Remo Melendez | B46: Exp. Obra + EMS | C46: SUELOS | D46: EMS - Informe de EMS | E46: V 2.0 - PRELIMINAR A ENTREGA DEL EXPEDIENTE | F46: 4 | H46: 4 | J46: 4 | K46: OK
A47: ONM7 - SMP - Remo Melendez | B47: Exp. Obra + EMS | C47: GESTIÓN Y ADMINISTRACIÓN | D47: TAREAS ADMINISTRATIVAS - PROJECT CHARTER | E47: V 0.0 - INICIO DEL PROYECTO | F47: 0 | H47: 0 | J47: 0 | K47: OK
A48: ONM7 - SMP - Remo Melendez | B48: Exp. Obra + EMS | C48: GESTIÓN Y ADMINISTRACIÓN | D48: TAREAS ADMINISTRATIVAS - COORDINAR ENTREGA DE EXPEDIENTE CON CLIENTE | E48: V 2.0 - PRELIMINAR A ENTREGA DEL EXPEDIENTE | F48: 0.5 | H48: 0.5 | J48: 0.5 | K48: OK

Sheet MP-OAM4 -0226- ATE -Maria
A1: NOMBRE DE PROYECTO | B1: TIPO DE EXPEDIENTE | C1: ESPECIALIDAD | D1: PARTIDA | E1: VERSION | F1: HORAS CALENDARIO TECNICOS LABORADOS PARA PERSONA CON RENDIMIENTO AL 100% | G1: HORAS CALENDARIO EN REUNIONES CON CLIENTES PARA PERSONA CON RENDIMIENTO AL 100% | H1: TOTAL | I1: HORAS ADICIONALES | J1: TOTAL HORAS RESTANTES | K1: Column11
A2: OAM4 -0226- ATE Salamanca - María Jhong | B2: Exp. Obra (MULTIFAMILIAR) | C2: ARQUITECTURA | D2: TAREAS ADMINISTRATIVAS - Subir DNI al DRIVE | E2: V 0.0 - INICIO DEL PROYECTO | F2: 0 | H2: 0 | J2: 0 | K2: OK
A3: OAM4 -0226- ATE Salamanca - María Jhong | B3: Exp. Obra (MULTIFAMILIAR) | C3: ARQUITECTURA | D3: ARQUITECTURA -Planos existentes de obra | E3: V 1.1 - APROBACIÓN ARQUITECTÓNICA | F3: 6.5 | H3: 6.5 | J3: 6.5 | K3: OK
A4: OAM4 -0226- ATE Salamanca - María Jhong | B4: Exp. Obra (MULTIFAMILIAR) | C4: ARQUITECTURA | D4: ARQUITECTURA -Prop. arquitectonica | E4: V 1.1 - APROBACIÓN ARQUITECTÓNICA | F4: 14 | H4: 14 | J4: 14 | K4: OK
A5: OAM4 -0226- ATE Salamanca - María Jhong | B5: Exp. Obra (MULTIFAMILIAR) | C5: ARQUITECTURA | D5: TAREAS ADMINISTRATIVAS - Junta de arquitectos | E5: V 1.0 - PRELIMINAR A LA APROBACIÓN ARQUITECTÓNICA | F5: 4 | H5: 4 | J5: 4 | K5: OK
A6: OAM4 -0226- ATE Salamanca - María Jhong | B6: Exp. Obra (MULTIFAMILIAR) | C6: ARQUITECTURA | D6: ARQUITECTURA -Reunión para ver prop. arquitectoinca | E6: V 1.1 - APROBACIÓN ARQUITECTÓNICA | F6: 0 | G6: 6 | H6: 6 | J6: 6 | K6: OK
A7: OAM4 -0226- ATE Salamanca - María Jhong | B7: Exp. Obra (MULTIFAMILIAR) | C7: ARQUITECTURA | D7: ARQUITECTURA - Planos de distribución | E7: V 2.0 - PRELIMINAR A ENTREGA A CLIENTE | F7: 3 | H7: 3 | J7: 3 | K7: OK
A8: OAM4 -0226- ATE Salamanca - María Jhong | B8: Exp. Obra (MULTIFAMILIAR) | C8: ARQUITECTURA | D8: ARQUITECTURA - Plano de Ubicación y Localización | E8: V 2.0 - PRELIMINAR A ENTREGA A CLIENTE | F8: 2 | H8: 2 | J8: 2 | K8: OK
A9: OAM4 -0226- ATE Salamanca - María Jhong | B9: Exp. Obra (MULTIFAMILIAR) | C9: ARQUITECTURA | D9: ARQUITECTURA - Planos de seguridad, Evacuación y señalización | E9: V 2.0 - PRELIMINAR A ENTREGA A CLIENTE | F9: 1 | H9: 1 | J9: 1 | K9: OK
A10: OAM4 -0226- ATE Salamanca - María Jhong | B10: Exp. Obra (MULTIFAMILIAR) | C10: ARQUITECTURA | D10: ARQUITECTURA - Planos de corte y elevación | E10: V 2.0 - PRELIMINAR A ENTREGA A CLIENTE | F10: 4 | H10: 4 | J10: 4 | K10: OK
A11: OAM4 -0226- ATE Salamanca - María Jhong | B11: Exp. Obra (MULTIFAMILIAR) | C11: ARQUITECTURA | D11: ARQUITECTURA - Propuesta de render 3D (MODELADO Y RENDERIZADO) | E11: V 2.0 - PRELIMINAR A ENTREGA A CLIENTE | F11: 14 | H11: 14 | J11: 14 | K11: OK
A12: OAM4 -0226- ATE Salamanca - María Jhong | B12: Exp. Obra (MULTIFAMILIAR) | C12: ARQUITECTURA | D12: ARQUITECTURA - Reunión para ver fachada | E12: V 2.0 - PRELIMINAR A ENTREGA A CLIENTE | F12: 0 | G12: 2 | H12: 2 | J12: 2 | K12: OK
A13: OAM4 -0226- ATE Salamanca - María Jhong | B13: Exp. Obra (MULTIFAMILIAR) | C13: ARQUITECTURA | D13: TAREAS ADMINISTRATIVAS - Compatibilización con especialidades | E13: V 2.0 - PRELIMINAR A ENTREGA A CLIENTE | F13: 3 | H13: 3 | J13: 3 | K13: OK
A14: OAM4 -0226- ATE Salamanca - María Jhong | B14: Exp. Obra (MULTIFAMILIAR) | C14: ARQUITECTURA | D14: TAREAS ADMINISTRATIVAS - MANDAR A IMPRENTA 2 JUEGOS DE EXPEDIENTE A PLOTEAR | E14: V 2.0 - PRELIMINAR A ENTREGA A CLIENTE | F14: 5 | H14: 5 | J14: 5 | K14: OK
A15: OAM4 -0226- ATE Salamanca - María Jhong | B15: Exp. Obra (MULTIFAMILIAR) | C15: ARQUITECTURA | D15: TAREAS ADMINISTRATIVAS - Entrega de expediente impreso a cliente | E15: V 2.1 - ENTREGA TÉCNICA FINAL A CLIENTE | F15: 0 | H15: 0 | J15: 0 | K15: OK
A16: OAM4 -0226- ATE Salamanca - María Jhong | B16: Exp. Obra (MULTIFAMILIAR) | C16: ESTRUCTURAS | D16: ESTRUCTURAS - Modelado estructural | E16: V 2.0 - PRELIMINAR A ENTREGA A CLIENTE | F16: 5 | H16: 5 | J16: 5 | K16: OK
A17: OAM4 -0226- ATE Salamanca - María Jhong | B17: Exp. Obra (MULTIFAMILIAR) | C17: ESTRUCTURAS | D17: ESTRUCTURAS - Planos de encofrados de techos | E17: V 2.0 - PRELIMINAR A ENTREGA A CLIENTE | F17: 6 | H17: 6 | J17: 6 | K17: OK
A18: OAM4 -0226- ATE Salamanca - María Jhong | B18: Exp. Obra (MULTIFAMILIAR) | C18: ESTRUCTURAS | D18: ESTRUCTURAS - Propuesta estructural de columnas, placas y vigas | E18: V 2.0 - PRELIMINAR A ENTREGA A CLIENTE | F18: 2 | H18: 2 | J18: 2 | K18: OK
A19: OAM4 -0226- ATE Salamanca - María Jhong | B19: Exp. Obra (MULTIFAMILIAR) | C19: ESTRUCTURAS | D19: ESTRUCTURAS - Detalle de reforzamiento en encofrado | E19: V 2.0 - PRELIMINAR A ENTREGA A CLIENTE | F19: 2 | H19: 2 | J19: 2 | K19: OK
A20: OAM4 -0226- ATE Salamanca - María Jhong | B20: Exp. Obra (MULTIFAMILIAR) | C20: ESTRUCTURAS | D20: ESTRUCTURAS - Detalle de reforzamiento en cuadro de columna | E20: V 2.0 - PRELIMINAR A ENTREGA A CLIENTE | F20: 2 | H20: 2 | J20: 2 | K20: OK
A21: OAM4 -0226- ATE Salamanca - María Jhong | B21: Exp. Obra (MULTIFAMILIAR) | C21: ESTRUCTURAS | D21: ESTRUCTURAS - Desarrollo de vigas | E21: V 2.0 - PRELIMINAR A ENTREGA A CLIENTE | F21: 2 | H21: 2 | J21: 2 | K21: OK
A22: OAM4 -0226- ATE Salamanca - María Jhong | B22: Exp. Obra (MULTIFAMILIAR) | C22: ESTRUCTURAS | D22: ESTRUCTURAS - Desarrollo de escaleras | E22: V 2.0 - PRELIMINAR A ENTREGA A CLIENTE | F22: 1 | H22: 1 | J22: 1 | K22: OK
A23: OAM4 -0226- ATE Salamanca - María Jhong | B23: Exp. Obra (MULTIFAMILIAR) | C23: ESTRUCTURAS | D23: ESTRUCTURAS - Planos de cimentación | E23: V 2.0 - PRELIMINAR A ENTREGA A CLIENTE | F23: 7 | H23: 7 | J23: 7 | K23: OK
A24: OAM4 -0226- ATE Salamanca - María Jhong | B24: Exp. Obra (MULTIFAMILIAR) | C24: ESTRUCTURAS | D24: ESTRUCTURAS - Detalle de reforzamiento en cimentación | E24: V 2.0 - PRELIMINAR A ENTREGA A CLIENTE | F24: 5 | H24: 5 | J24: 5 | K24: OK
... A27: OAM4 -0226- ATE Salamanca - María Jhong | B27: Exp. Obra (MULTIFAMILIAR) | C27: ESTRUCTURAS | D27: ESTRUCTURAS - Memoria de cálculo estructural | E27: V 2.0 - PRELIMINAR A ENTREGA A CLIENTE | F27: 1 | H27: 1 | J27: 1 | K27: OK
A28: OAM4 -0226- ATE Salamanca - María Jhong | B28: Exp. Obra (MULTIFAMILIAR) | C28: ESTRUCTURAS | D28: ESTRUCTURAS - Exposición de proyecto al cliente | E28: V 2.0 - PRELIMINAR A ENTREGA A CLIENTE | F28: 0 | G28: 3 | H28: 3 | J28: 3 | K28: OK
A29: OAM4 -0226- ATE Salamanca - María Jhong | B29: Exp. Obra (MULTIFAMILIAR) | C29: INST. ELECTRICAS | D29: IIEE - Plano de luminarias | E29: V 2.0 - PRELIMINAR A ENTREGA A CLIENTE | F29: 9 | H29: 9 | J29: 9 | K29: OK
A30: OAM4 -0226- ATE Salamanca - María Jhong | B30: Exp. Obra (MULTIFAMILIAR) | C30: INST. ELECTRICAS | D30: IIEE - Plano de tomacorrientes y comunicaciones | E30: V 2.0 - PRELIMINAR A ENTREGA A CLIENTE | F30: 9 | H30: 9 | J30: 9 | K30: OK
A31: OAM4 -0226- ATE Salamanca - María Jhong | B31: Exp. Obra (MULTIFAMILIAR) | C31: INST. ELECTRICAS | D31: IIEE - Excel de cálculos eléctricos | E31: V 2.0 - PRELIMINAR A ENTREGA A CLIENTE | F31: 7 | H31: 7 | J31: 7 | K31: OK
A32: OAM4 -0226- ATE Salamanca - María Jhong | B32: Exp. Obra (MULTIFAMILIAR) | C32: INST. ELECTRICAS | D32: IIEE - Cuadro de cargas y unifilares | E32: V 2.0 - PRELIMINAR A ENTREGA A CLIENTE | F32: 3 | H32: 3 | J32: 3 | K32: OK
A33: OAM4 -0226- ATE Salamanca - María Jhong | B33: Exp. Obra (MULTIFAMILIAR) | C33: INST. ELECTRICAS | D33: IIEE - Reuniones con cliente | E33: V 2.0 - PRELIMINAR A ENTREGA A CLIENTE | F33: 3 | H33: 3 | J33: 3 | K33: OK
A34: OAM4 -0226- ATE Salamanca - María Jhong | B34: Exp. Obra (MULTIFAMILIAR) | C34: INST. SANITARIAS | D34: IISS - Propuesta de Cisterna y/o T. Elevado | E34: V 1.0 - PRELIMINAR A LA APROBACIÓN ARQUITECTÓNICA | F34: 0.5 | H34: 0.5 | J34: 0.5 | K34: OK
A35: OAM4 -0226- ATE Salamanca - María Jhong | B35: Exp. Obra (MULTIFAMILIAR) | C35: INST. SANITARIAS | D35: IISS - PLANOS DE AGUA | E35: V 2.0 - PRELIMINAR A ENTREGA A CLIENTE | F35: 3 | H35: 3 | J35: 3 | K35: OK
A36: OAM4 -0226- ATE Salamanca - María Jhong | B36: Exp. Obra (MULTIFAMILIAR) | C36: INST. SANITARIAS | D36: IISS - PLANOS DE DESAGUE | E36: V 2.0 - PRELIMINAR A ENTREGA A CLIENTE | F36: 4 | H36: 4 | J36: 4 | K36: OK
A37: OAM4 -0226- ATE Salamanca - María Jhong | B37: Exp. Obra (MULTIFAMILIAR) | C37: INST. SANITARIAS | D37: IISS - Plano de detalle | E37: V 2.0 - PRELIMINAR A ENTREGA A CLIENTE | F37: 4 | H37: 4 | J37: 4 | K37: OK
A38: OAM4 -0226- ATE Salamanca - María Jhong | B38: Exp. Obra (MULTIFAMILIAR) | C38: INST. SANITARIAS | D38: IISS - Excel de cálculos sanitarios | E38: V 2.0 - PRELIMINAR A ENTREGA A CLIENTE | F38: 4 | H38: 4 | J38: 4 | K38: OK
A39: OAM4 -0226- ATE Salamanca - María Jhong | B39: Exp. Obra (MULTIFAMILIAR) | C39: INST. SANITARIAS | D39: IISS - Reuniones con cliente | E39: V 2.0 - PRELIMINAR A ENTREGA A CLIENTE | F39: 3 | H39: 3 | J39: 3 | K39: OK
A40: OAM4 -0226- ATE Salamanca - María Jhong | B40: Exp. Obra (MULTIFAMILIAR) | C40: INST. GAS | D40: IIGG - Plano de gas | E40: V 2.0 - PRELIMINAR A ENTREGA A CLIENTE | F40: 5 | G40: 0 | H40: 5 | J40: 5 | K40: OK
A41: OAM4 -0226- ATE Salamanca - María Jhong | B41: Exp. Obra (MULTIFAMILIAR) | C41: INST. GAS | D41: IIGG - Reunion con cliente | E41: V 2.0 - PRELIMINAR A ENTREGA A CLIENTE | F41: 0 | G41: 2 | H41: 2 | J41: 2 | K41: OK
A42: OAM4 -0226- ATE Salamanca - María Jhong | B42: Exp. Obra (MULTIFAMILIAR) | C42: GESTIÓN Y ADMINISTRACIÓN | D42: TAREAS ADMINISTRATIVAS - Coordinar 1era reunión con cliente | E42: V 0.0 - INICIO DEL PROYECTO | F42: 0 | G42: 0 | H42: 0 | J42: 0 | K42: OK
A43: OAM4 -0226- ATE Salamanca - María Jhong | B43: Exp. Obra (MULTIFAMILIAR) | C43: GESTIÓN Y ADMINISTRACIÓN | D43: TAREAS ADMINISTRATIVAS - Realizar 1era reunión con cliente | E43: V 0.0 - INICIO DEL PROYECTO | F43: 0 | G43: 0 | H43: 0 | J43: 0 | K43: OK

Sheet MP-LAM4 -0226- ATE -Maria
A1: NOMBRE DE PROYECTO | B1: TIPO DE EXPEDIENTE | C1: ESPECIALIDAD | D1: PARTIDA | E1: VERSION | F1: HORAS CALENDARIO TECNICOS LABORADOS PARA PERSONA CON RENDIMIENTO AL 100% | G1: HORAS CALENDARIO EN REUNIONES CON CLIENTES PARA PERSONA CON RENDIMIENTO AL 100% | H1: TOTAL | I1: HORAS ADICIONALES | J1: TOTAL HORAS RESTANTES | K1: Column11
A2: LAM4 -0226- ATE Salamanca - María Jhong | B2: Exp. Licencia mod. B | C2: ARQUITECTURA | D2: TAREAS ADMINISTRATIVAS - Subir DNI al DRIVE | E2: V 0.0 - INICIO DEL PROYECTO | F2: 0 | H2: 0 | J2: 0 | K2: OK
A3: LAM4 -0226- ATE Salamanca - María Jhong | B3: Exp. Licencia mod. B | C3: ARQUITECTURA | D3: ARQUITECTURA - Digitalización de planos de sunarp | E3: V 0.0 - INICIO DEL PROYECTO | F3: 1 | H3: 1 | I3: 7.5 | J3: 0 | K3: OK
A4: LAM4 -0226- ATE Salamanca - María Jhong | B4: Exp. Licencia mod. B | C4: ARQUITECTURA | D4: ARQUITECTURA -Prop. arquitectonica | E4: V 1.0 - PRELIMINAR A LA APROBACIÓN ARQUITECTÓNICA | F4: 14 | H4: 14 | J4: 5.5 | K4: OK
A5: LAM4 -0226- ATE Salamanca - María Jhong | B5: Exp. Licencia mod. B | C5: ARQUITECTURA | D5: TAREAS ADMINISTRATIVAS - Junta de arquitectos | E5: V 1.0 - PRELIMINAR A LA APROBACIÓN ARQUITECTÓNICA | F5: 4 | H5: 4 | J5: 4 | K5: OK
A6: LAM4 -0226- ATE Salamanca - María Jhong | B6: Exp. Licencia mod. B | C6: ARQUITECTURA | D6: ARQUITECTURA -Reunión para ver prop. arquitectoinca | E6: V 1.1 - APROBACIÓN ARQUITECTÓNICA | F6: 0 | G6: 6 | H6: 6 | J6: 6 | K6: OK
A7: LAM4 -0226- ATE Salamanca - María Jhong | B7: Exp. Licencia mod. B | C7: ARQUITECTURA | D7: ARQUITECTURA - Planos de distribución | E7: V 1.1 - APROBACIÓN ARQUITECTÓNICA | F7: 3 | H7: 3 | J7: 3 | K7: OK
A8: LAM4 -0226- ATE Salamanca - María Jhong | B8: Exp. Licencia mod. B | C8: ARQUITECTURA | D8: ARQUITECTURA - Planos de corte y elevación | E8: V 2.0 - PRELIMINAR A ENTREGA A REVISORES | F8: 4 | H8: 4 | J8: 4 | K8: OK
A9: LAM4 -0226- ATE Salamanca - María Jhong | B9: Exp. Licencia mod. B | C9: ARQUITECTURA | D9: ARQUITECTURA - Plano de Ubicación y Localización | E9: V 2.0 - PRELIMINAR A ENTREGA A REVISORES | F9: 2 | H9: 2 | J9: 2 | K9: OK
A10: LAM4 -0226- ATE Salamanca - María Jhong | B10: Exp. Licencia mod. B | C10: ARQUITECTURA | D10: ARQUITECTURA - Planos de seguridad, Evacuación y señalización | E10: V 2.0 - PRELIMINAR A ENTREGA A REVISORES | F10: 1 | H10: 1 | J10: 1 | K10: OK
A11: LAM4 -0226- ATE Salamanca - María Jhong | B11: Exp. Licencia mod. B | C11: ARQUITECTURA | D11: ARQUITECTURA - Memoria de seguridad | E11: V 2.0 - PRELIMINAR A ENTREGA A REVISORES | F11: 0.5 | H11: 0.5 | J11: 0.5 | K11: OK
A12: LAM4 -0226- ATE Salamanca - María Jhong | B12: Exp. Licencia mod. B | C12: ARQUITECTURA | D12: ARQUITECTURA - Propuesta de render 3D (MODELADO Y RENDERIZADO) | E12: V 2.0 - PRELIMINAR A ENTREGA A REVISORES | F12: 14 | H12: 14 | J12: 14 | K12: OK
A13: LAM4 -0226- ATE Salamanca - María Jhong | B13: Exp. Licencia mod. B | C13: ARQUITECTURA | D13: ARQUITECTURA - Memoria de arquitectura | E13: V 2.0 - PRELIMINAR A ENTREGA A REVISORES | F13: 1 | H13: 1 | J13: 1 | K13: OK
A14: LAM4 -0226- ATE Salamanca - María Jhong | B14: Exp. Licencia mod. B | C14: ARQUITECTURA | D14: ARQUITECTURA - Llenar FUE (Formulario Único de Edificaciones) | E14: V 2.0 - PRELIMINAR A ENTREGA A REVISORES | F14: 2 | H14: 2 | J14: 2 | K14: OK
A15: LAM4 -0226- ATE Salamanca - María Jhong | B15: Exp. Licencia mod. B | C15: ARQUITECTURA | D15: ARQUITECTURA - Presupuesto | E15: V 2.0 - PRELIMINAR A ENTREGA A REVISORES | F15: 0.5 | H15: 0.5 | J15: 0.5 | K15: OK
A16: LAM4 -0226- ATE Salamanca - María Jhong | B16: Exp. Licencia mod. B | C16: ARQUITECTURA | D16: TAREAS ADMINISTRATIVAS - Subir PARTIDA ELECTRONICA ACTUALIZADA | E16: V 0.0 - INICIO DEL PROYECTO | F16: 0 | H16: 0 | J16: 0 | K16: OK
A17: LAM4 -0226- ATE Salamanca - María Jhong | B17: Exp. Licencia mod. B | C17: ARQUITECTURA | D17: TAREAS ADMINISTRATIVAS - Compatibilización con especialidades | E17: V 2.0 - PRELIMINAR A ENTREGA A REVISORES | F17: 3 | H17: 3 | J17: 3 | K17: OK
A18: LAM4 -0226- ATE Salamanca - María Jhong | B18: Exp. Licencia mod. B | C18: ARQUITECTURA | D18: ARQUITECTURA - Lev. de Observaciones de revisores | E18: V 3.0 - PRELIMINAR A ENTREGA A MUNI | F18: 5 | H18: 5 | J18: 5 | K18: OK
... A65: LAM4 -0226- ATE Salamanca - María Jhong | B65: Exp. Licencia mod. B | C65: INST. SANITARIAS | D65: IISS - Revision de Municipalidad | E65: V 3.1 - ENTREGA TÉCNICA FINAL DE EXPEDIENTE A MUNI | F65: 0 | H65: 0 | J65: 0 | K65: OK
A66: LAM4 -0226- ATE Salamanca - María Jhong | B66: Exp. Licencia mod. B | C66: INST. GAS | D66: IIGG - Plano de gas | E66: V 2.0 - PRELIMINAR A ENTREGA A REVISORES | F66: 5 | G66: 0 | H66: 5 | J66: 5 | K66: OK
A67: LAM4 -0226- ATE Salamanca - María Jhong | B67: Exp. Licencia mod. B | C67: INST. GAS | D67: IIGG - Memoria de gas | E67: V 2.0 - PRELIMINAR A ENTREGA A REVISORES | F67: 1 | G67: 0 | H67: 1 | J67: 1 | K67: OK
A68: LAM4 -0226- ATE Salamanca - María Jhong | B68: Exp. Licencia mod. B | C68: INST. GAS | D68: TAREAS ADMINISTRATIVAS - Solicitar FACTIBILIDAD a CALIDA | E68: V 2.0 - PRELIMINAR A ENTREGA A REVISORES | F68: 5 | G68: 0 | H68: 5 | J68: 5 | K68: OK
A69: LAM4 -0226- ATE Salamanca - María Jhong | B69: Exp. Licencia mod. B | C69: INST. GAS | D69: GAS - Revisión de municipalidad | E69: V 3.1 - ENTREGA TÉCNICA FINAL DE EXPEDIENTE A MUNI | F69: 0 | G69: 0 | H69: 0 | J69: 0 | K69: OK
A70: LAM4 -0226- ATE Salamanca - María Jhong | B70: Exp. Licencia mod. B | C70: INST. GAS | D70: GAS - Revision de Revisores | E70: V 2.1 - ENTREGA TÉCNICA FINAL DE EXPEDIENTE A REVISORES | F70: 0 | G70: 0 | H70: 0 | J70: 0 | K70: OK
A71: LAM4 -0226- ATE Salamanca - María Jhong | B71: Exp. Licencia mod. B | C71: SUELOS | D71: EMS - Excel de ensayos | E71: V 1.0 - PRELIMINAR A LA APROBACIÓN ARQUITECTÓNICA | F71: 3 | G71: 0 | H71: 3 | J71: 3 | K71: OK
A72: LAM4 -0226- ATE Salamanca - María Jhong | B72: Exp. Licencia mod. B | C72: SUELOS | D72: EMS - Informe de EMS | E72: V 2.0 - PRELIMINAR A ENTREGA A REVISORES | F72: 4 | G72: 0 | H72: 4 | J72: 4 | K72: OK
A73: LAM4 -0226- ATE Salamanca - María Jhong | B73: Exp. Licencia mod. B | C73: GESTIÓN Y ADMINISTRACIÓN | D73: TAREAS ADMINISTRATIVAS - Coordinar 1era reunión con cliente | E73: V 0.0 - INICIO DEL PROYECTO | F73: 0 | G73: 0 | H73: 0
A74: LAM4 -0226- ATE Salamanca - María Jhong | B74: Exp. Licencia mod. B | C74: GESTIÓN Y ADMINISTRACIÓN | D74: TAREAS ADMINISTRATIVAS - Subir fotos de calicatas al drive | E74: V 1.0 - PRELIMINAR A LA APROBACIÓN ARQUITECTÓNICA | F74: 0 | G74: 0 | H74: 0
A75: LAM4 -0226- ATE Salamanca - María Jhong | B75: Exp. Licencia mod. B | C75: GESTIÓN Y ADMINISTRACIÓN | D75: TAREAS ADMINISTRATIVAS - Realizar 1era reunión con cliente | E75: V 0.0 - INICIO DEL PROYECTO | F75: 0 | G75: 0 | H75: 0
A76: LAM4 -0226- ATE Salamanca - María Jhong | B76: Exp. Licencia mod. B | C76: GESTIÓN Y ADMINISTRACIÓN | D76: TAREAS ADMINISTRATIVAS - Reunión para aprobación de propuesta arquitectónica | E76: V 1.0 - PRELIMINAR A LA APROBACIÓN ARQUITECTÓNICA | F76: 0 | G76: 0 | H76: 0

Sheet MP-ONM5-0226- Breña-Ysidro
A1: NOMBRE DE PROYECTO | B1: TIPO DE EXPEDIENTE | C1: ESPECIALIDAD | D1: PARTIDA | E1: VERSION | F1: HORAS CALENDARIO TECNICOS LABORADOS PARA PERSONA CON RENDIMIENTO AL 100% | G1: HORAS CALENDARIO EN REUNIONES CON CLIENTES PARA PERSONA CON RENDIMIENTO AL 100% | H1: TOTAL | I1: HORAS ADICIONALES | J1: TOTAL HORAS RESTANTES | K1: Column11
A2: ONM5 - 0226 - Breña - Ysidro & Veronica | B2: Exp. Obra + EMS | C2: ARQUITECTURA | D2: ARQUITECTURA - Visita a campo para toma de requerimientos | E2: V 1.0 - PRELIMINAR A LA APROBACIÓN ARQUITECTÓNICA | F2: 3 | H2: 3 | J2: 1 | K2: OK
A3: ONM5 - 0226 - Breña - Ysidro & Veronica | B3: Exp. Obra + EMS | C3: ARQUITECTURA | D3: ARQUITECTURA - Prop. Arquitectonica | E3: V 1.1 - APROBACIÓN ARQUITECTÓNICA | F3: 17 | H3: 17 | J3: 0 | K3: OK
A4: ONM5 - 0226 - Breña - Ysidro & Veronica | B4: Exp. Obra + EMS | C4: ARQUITECTURA | D4: ARQUITECTURA - Junta de Arq. | E4: V 1.1 - APROBACIÓN ARQUITECTÓNICA | F4: 0.5 | H4: 0.5 | J4: 0.5 | K4: OK
A5: ONM5 - 0226 - Breña - Ysidro & Veronica | B5: Exp. Obra + EMS | C5: ARQUITECTURA | D5: ARQUITECTURA - Reunión con cliente para prop. | E5: V 1.1 - APROBACIÓN ARQUITECTÓNICA | F5: 0 | G5: 9 | H5: 9 | J5: 3 | K5: OK
A6: ONM5 - 0226 - Breña - Ysidro & Veronica | B6: Exp. Obra + EMS | C6: ARQUITECTURA | D6: ARQUITECTURA - Planos de distribución | E6: V 1.1 - APROBACIÓN ARQUITECTÓNICA | F6: 4 | H6: 4 | J6: 4 | K6: OK
A7: ONM5 - 0226 - Breña - Ysidro & Veronica | B7: Exp. Obra + EMS | C7: ARQUITECTURA | D7: ARQUITECTURA - Planos de corte y elevación | E7: V 2.0 - PRELIMINAR A ENTREGA DEL EXPEDIENTE | F7: 5 | H7: 5 | J7: 5 | K7: OK
A8: ONM5 - 0226 - Breña - Ysidro & Veronica | B8: Exp. Obra + EMS | C8: ARQUITECTURA | D8: ARQUITECTURA - Reunión para ver fachada | E8: V 2.0 - PRELIMINAR A ENTREGA DEL EXPEDIENTE | F8: 2 | H8: 2 | J8: 2 | K8: OK
A9: ONM5 - 0226 - Breña - Ysidro & Veronica | B9: Exp. Obra + EMS | C9: ARQUITECTURA | D9: ARQUITECTURA - Reunión final de exposición de especialidades | E9: V 1.1 - APROBACIÓN ARQUITECTÓNICA | F9: 0 | G9: 2 | H9: 2 | J9: 2 | K9: OK
A10: ONM5 - 0226 - Breña - Ysidro & Veronica | B10: Exp. Obra + EMS | C10: ARQUITECTURA | D10: ARQUITECTURA - Propuesta de render 3D (MODELADO Y RENDERIZADO) | E10: V 2.0 - PRELIMINAR A ENTREGA DEL EXPEDIENTE | F10: 21 | H10: 21 | J10: 21 | K10: OK
A11: ONM5 - 0226 - Breña - Ysidro & Veronica | B11: Exp. Obra + EMS | C11: ARQUITECTURA | D11: TAREAS ADMINISTRATIVAS - Corroborar membrete de todas las especialidades | E11: V 2.0 - PRELIMINAR A ENTREGA DEL EXPEDIENTE | F11: 4 | H11: 4 | J11: 4 | K11: OK
A12: ONM5 - 0226 - Breña - Ysidro & Veronica | B12: Exp. Obra + EMS | C12: ARQUITECTURA | D12: TAREAS ADMINISTRATIVAS - Compatibilización con otras especialidades | E12: V 2.0 - PRELIMINAR A ENTREGA DEL EXPEDIENTE | F12: 3 | H12: 3 | J12: 3 | K12: OK
A13: ONM5 - 0226 - Breña - Ysidro & Veronica | B13: Exp. Obra + EMS | C13: ESTRUCTURAS | D13: ESTRUCTURAS - Propuesta estructural de columnas, placas y vigas | E13: V 1.0 - PRELIMINAR A LA APROBACIÓN ARQUITECTÓNICA | F13: 4 | H13: 4 | J13: 1 | K13: OK
A14: ONM5 - 0226 - Breña - Ysidro & Veronica | B14: Exp. Obra + EMS | C14: ESTRUCTURAS | D14: ESTRUCTURAS - Modelado de estructuras de techos | E14: V 1.0 - PRELIMINAR A LA APROBACIÓN ARQUITECTÓNICA | F14: 5 | H14: 5 | J14: 0 | K14: OK
A15: ONM5 - 0226 - Breña - Ysidro & Veronica | B15: Exp. Obra + EMS | C15: ESTRUCTURAS | D15: ESTRUCTURAS - Junta de ingenieros | E15: V 2.0 - PRELIMINAR A ENTREGA DEL EXPEDIENTE | F15: 0.5 | H15: 0.5 | J15: 0 | K15: OK
A16: ONM5 - 0226 - Breña - Ysidro & Veronica | B16: Exp. Obra + EMS | C16: ESTRUCTURAS | D16: ESTRUCTURAS - Planos de encofrados de techos | E16: V 2.0 - PRELIMINAR A ENTREGA DEL EXPEDIENTE | F16: 4.5 | H16: 4.5 | J16: 1.5 | K16: OK
A17: ONM5 - 0226 - Breña - Ysidro & Veronica | B17: Exp. Obra + EMS | C17: ESTRUCTURAS | D17: ESTRUCTURAS - Cuadro de columnas | E17: V 2.0 - PRELIMINAR A ENTREGA DEL EXPEDIENTE | F17: 2 | H17: 2 | J17: 1 | K17: OK
A18: ONM5 - 0226 - Breña - Ysidro & Veronica | B18: Exp. Obra + EMS | C18: ESTRUCTURAS | D18: ESTRUCTURAS - Detalle de placas | E18: V 2.0 - PRELIMINAR A ENTREGA DEL EXPEDIENTE | F18: 4 | H18: 4 | J18: 2 | K18: OK
A19: ONM5 - 0226 - Breña - Ysidro & Veronica | B19: Exp. Obra + EMS | C19: ESTRUCTURAS | D19: ESTRUCTURAS - Cuadro de vigas en encofrados | E19: V 2.0 - PRELIMINAR A ENTREGA DEL EXPEDIENTE | F19: 1 | H19: 1 | J19: 1 | K19: OK
A20: ONM5 - 0226 - Breña - Ysidro & Veronica | B20: Exp. Obra + EMS | C20: ESTRUCTURAS | D20: ESTRUCTURAS - Planos de diseño de aceros de encofrados | E20: V 2.0 - PRELIMINAR A ENTREGA DEL EXPEDIENTE | F20: 2 | H20: 2 | J20: 0 | K20: OK
A21: ONM5 - 0226 - Breña - Ysidro & Veronica | B21: Exp. Obra + EMS | C21: ESTRUCTURAS | D21: ESTRUCTURAS - Compatibilizacion con especialidades | E21: V 2.0 - PRELIMINAR A ENTREGA DEL EXPEDIENTE | F21: 3 | H21: 3 | J21: 2 | K21: OK
... A29: ONM5 - 0226 - Breña - Ysidro & Veronica | B29: Exp. Obra + EMS | C29: ESTRUCTURAS | D29: ESTRUCTURAS - Especificaciones generales | E29: V 2.0 - PRELIMINAR A ENTREGA DEL EXPEDIENTE | F29: 0.5 | H29: 0.5 | J29: 0.5 | K29: OK
A30: ONM5 - 0226 - Breña - Ysidro & Veronica | B30: Exp. Obra + EMS | C30: ESTRUCTURAS | D30: ESTRUCTURAS - Reunión de exposición al cliente | E30: V 2.0 - PRELIMINAR A ENTREGA DEL EXPEDIENTE | F30: 0 | G30: 4 | H30: 4 | J30: 4 | K30: OK
A31: ONM5 - 0226 - Breña - Ysidro & Veronica | B31: Exp. Obra + EMS | C31: INST. ELECTRICAS | D31: IIEE - Plano de luminarias | E31: V 2.0 - PRELIMINAR A ENTREGA DEL EXPEDIENTE | F31: 9 | H31: 9 | J31: 7 | K31: OK
A32: ONM5 - 0226 - Breña - Ysidro & Veronica | B32: Exp. Obra + EMS | C32: INST. ELECTRICAS | D32: IIEE - Plano de tomacorrientes y comunicaciones | E32: V 2.0 - PRELIMINAR A ENTREGA DEL EXPEDIENTE | F32: 4.5 | H32: 4.5 | J32: 4 | K32: OK
A33: ONM5 - 0226 - Breña - Ysidro & Veronica | B33: Exp. Obra + EMS | C33: INST. ELECTRICAS | D33: IIEE - Excel de cálculos eléctricos | E33: V 2.0 - PRELIMINAR A ENTREGA DEL EXPEDIENTE | F33: 2 | H33: 2 | J33: 2 | K33: OK
A34: ONM5 - 0226 - Breña - Ysidro & Veronica | B34: Exp. Obra + EMS | C34: INST. ELECTRICAS | D34: IIEE - Cuadro de cargas y unifilares | E34: V 2.0 - PRELIMINAR A ENTREGA DEL EXPEDIENTE | F34: 3 | H34: 3 | J34: 3 | K34: OK
A35: ONM5 - 0226 - Breña - Ysidro & Veronica | B35: Exp. Obra + EMS | C35: INST. ELECTRICAS | D35: IIEE - Reunión de exposición | E35: V 2.0 - PRELIMINAR A ENTREGA DEL EXPEDIENTE | F35: 0 | G35: 4 | H35: 4 | J35: 4 | K35: OK
A36: ONM5 - 0226 - Breña - Ysidro & Veronica | B36: Exp. Obra + EMS | C36: INST. SANITARIAS | D36: IISS - PLANOS DE AGUA | E36: V 2.0 - PRELIMINAR A ENTREGA DEL EXPEDIENTE | F36: 5 | H36: 5 | J36: 0.5 | K36: OK
A37: ONM5 - 0226 - Breña - Ysidro & Veronica | B37: Exp. Obra + EMS | C37: INST. SANITARIAS | D37: IISS - PLANOS DE DESAGUE | E37: V 2.0 - PRELIMINAR A ENTREGA DEL EXPEDIENTE | F37: 7 | H37: 7 | J37: 0 | K37: OK
A38: ONM5 - 0226 - Breña - Ysidro & Veronica | B38: Exp. Obra + EMS | C38: INST. SANITARIAS | D38: IISS - Propuesta de Cisterna y/o T.E. | E38: V 1.0 - PRELIMINAR A LA APROBACIÓN ARQUITECTÓNICA | F38: 0.5 | H38: 0.5 | J38: 0 | K38: OK
A39: ONM5 - 0226 - Breña - Ysidro & Veronica | B39: Exp. Obra + EMS | C39: INST. SANITARIAS | D39: IISS - Plano de detalle | E39: V 2.0 - PRELIMINAR A ENTREGA DEL EXPEDIENTE | F39: 1 | H39: 1 | J39: 0 | K39: OK
A40: ONM5 - 0226 - Breña - Ysidro & Veronica | B40: Exp. Obra + EMS | C40: INST. SANITARIAS | D40: IISS - Junta de ingenieros | E40: V 2.0 - PRELIMINAR A ENTREGA DEL EXPEDIENTE | F40: 1 | H40: 1 | J40: 0 | K40: OK
A41: ONM5 - 0226 - Breña - Ysidro & Veronica | B41: Exp. Obra + EMS | C41: INST. SANITARIAS | D41: IISS - Compatibilización con especialidades | E41: V 2.0 - PRELIMINAR A ENTREGA DEL EXPEDIENTE | F41: 1 | H41: 1 | J41: 1 | K41: OK
A42: ONM5 - 0226 - Breña - Ysidro & Veronica | B42: Exp. Obra + EMS | C42: INST. SANITARIAS | D42: IISS - Reunión con cliente | E42: V 2.0 - PRELIMINAR A ENTREGA DEL EXPEDIENTE | F42: 0 | G42: 2 | H42: 2 | J42: 2 | K42: OK
A43: ONM5 - 0226 - Breña - Ysidro & Veronica | B43: Exp. Obra + EMS | C43: INST. GAS | D43: IIGG - Plano de gas | E43: V 2.0 - PRELIMINAR A ENTREGA DEL EXPEDIENTE | F43: 5 | G43: 0 | H43: 5 | J43: 1 | K43: OK
A44: ONM5 - 0226 - Breña - Ysidro & Veronica | B44: Exp. Obra + EMS | C44: INST. GAS | D44: IIGG - Reunión para exponer a cliente | E44: V 2.0 - PRELIMINAR A ENTREGA DEL EXPEDIENTE | F44: 0 | G44: 2 | H44: 2 | J44: 2 | K44: OK
A45: ONM5 - 0226 - Breña - Ysidro & Veronica | B45: Exp. Obra + EMS | C45: SUELOS | D45: EMS - Excel de ensayos | E45: V 2.0 - PRELIMINAR A ENTREGA DEL EXPEDIENTE | F45: 3 | G45: 0 | H45: 3 | J45: 3 | K45: OK
A46: ONM5 - 0226 - Breña - Ysidro & Veronica | B46: Exp. Obra + EMS | C46: SUELOS | D46: EMS - Informe de EMS | E46: V 2.0 - PRELIMINAR A ENTREGA DEL EXPEDIENTE | F46: 4 | G46: 0 | H46: 4 | J46: 4 | K46: OK
A47: ONM5 - 0226 - Breña - Ysidro & Veronica | B47: Exp. Obra + EMS | C47: GESTIÓN Y ADMINISTRACIÓN | D47: TAREAS ADMINISTRATIVAS - Crear grupo de WPS con cliente y equipo | E47: V 0.0 - INICIO DEL PROYECTO | F47: 0 | G47: 0 | H47: 0
A48: ONM5 - 0226 - Breña - Ysidro & Veronica | B48: Exp. Obra + EMS | C48: GESTIÓN Y ADMINISTRACIÓN | D48: TAREAS ADMINISTRATIVAS - Crear DRIVE del proyecto | E48: V 0.0 - INICIO DEL PROYECTO | F48: 0 | G48: 0 | H48: 0
A49: ONM5 - 0226 - Breña - Ysidro & Veronica | B49: Exp. Obra + EMS | C49: GESTIÓN Y ADMINISTRACIÓN | D49: TAREAS ADMINISTRATIVAS - Coordinar dia y hora para realizar calicatas y tomar medidas de terreno | E49: V 0.0 - INICIO DEL PROYECTO | F49: 0 | G49: 0 | H49: 0
A50: ONM5 - 0226 - Breña - Ysidro & Veronica | B50: Exp. Obra + EMS | C50: GESTIÓN Y ADMINISTRACIÓN | D50: TAREAS ADMINISTRATIVAS - Coordinar 1era reunión con cliente | E50: V 0.0 - INICIO DEL PROYECTO | F50: 0 | G50: 0 | H50: 0
A51: ONM5 - 0226 - Breña - Ysidro & Veronica | B51: Exp. Obra + EMS | C51: GESTIÓN Y ADMINISTRACIÓN | D51: TAREAS ADMINISTRATIVAS - Realizar 1era reunión con cliente | E51: V 0.0 - INICIO DEL PROYECTO | F51: 0 | G51: 0 | H51: 0
A52: ONM5 - 0226 - Breña - Ysidro & Veronica | B52: Exp. Obra + EMS | C52: GESTIÓN Y ADMINISTRACIÓN | D52: TAREAS ADMINISTRATIVAS - PROJECT CHARTER | E52: V 0.0 - INICIO DEL PROYECTO | F52: 0 | G52: 0 | H52: 0
A53: ONM5 - 0226 - Breña - Ysidro & Veronica | B53: Exp. Obra + EMS | C53: GESTIÓN Y ADMINISTRACIÓN | D53: TAREAS ADMINISTRATIVAS - Visita al predio y toma de muestras con calicatas | E53: V 0.0 - INICIO DEL PROYECTO | F53: 0 | G53: 0 | H53: 0
A54: ONM5 - 0226 - Breña - Ysidro & Veronica | B54: Exp. Obra + EMS | C54: GESTIÓN Y ADMINISTRACIÓN | D54: TAREAS ADMINISTRATIVAS - Visita al predio y toma de muestras con calicatas | E54: V 1.0 - PRELIMINAR A LA APROBACIÓN ARQUITECTÓNICA | F54: 0 | G54: 0 | H54: 0
A55: ONM5 - 0226 - Breña - Ysidro & Veronica | B55: Exp. Obra + EMS | C55: GESTIÓN Y ADMINISTRACIÓN | D55: TAREAS ADMINISTRATIVAS - Subir fotos de calicatas al drive | E55: V 1.0 - PRELIMINAR A LA APROBACIÓN ARQUITECTÓNICA | F55: 0 | G55: 0 | H55: 0
A56: ONM5 - 0226 - Breña - Ysidro & Veronica | B56: Exp. Obra + EMS | C56: GESTIÓN Y ADMINISTRACIÓN | D56: TAREAS ADMINISTRATIVAS - COORDINAR ENTREGA DE EXPEDIENTE CON CLIENTE | E56: V 2.0 - PRELIMINAR A ENTREGA DEL EXPEDIENTE | F56: 0 | G56: 0 | H56: 0
A57: ONM5 - 0226 - Breña - Ysidro & Veronica | B57: Exp. Obra + EMS | C57: GESTIÓN Y ADMINISTRACIÓN | D57: TAREAS ADMINISTRATIVAS - Entrega de expediente impreso a cliente | E57: V 2.1 - ENTREGA TÉCNICA FINAL DE EXPEDIENTE | F57: 0 | G57: 0 | H57: 0

Sheet MH-ESTRU-LAM5-0226-Surqu-Mirtha
A1: NOMBRE DE PROYECTO | B1: TIPO DE EXPEDIENTE | C1: ESPECIALIDAD | D1: PARTIDA | E1: VERSION | F1: HORAS CALENDARIO TECNICOS LABORADOS PARA PERSONA CON RENDIMIENTO AL 100% | G1: HORAS CALENDARIO EN REUNIONES CON CLIENTES PARA PERSONA CON RENDIMIENTO AL 100% | H1: TOTAL | I1: HORAS ADICIONALES | J1: TOTAL HORAS RESTANTES | K1: Column11
A2: LAM5 - 0226 - Surquillo - Mirtha Inga & Marco Gordillo | B2: Exp. Licencia mod. B | C2: ARQUITECTURA | D2: TAREAS ADMINISTRATIVAS - Subir DNI al DRIVE | E2: V 0.0 - INICIO DEL PROYECTO | F2: 0 | H2: 0 | J2: 0 | K2: OK
A3: LAM5 - 0226 - Surquillo - Mirtha Inga & Marco Gordillo | B3: Exp. Licencia mod. B | C3: ARQUITECTURA | D3: TAREAS ADMINISTRATIVAS - MANDAR A IMPRENTA 3 JUEGOS DE EXPEDIENTE A PLOTEAR | E3: V 3.0 - PRELIMINAR A ENTREGA A MUNI | F3: 5 | H3: 5 | J3: 5 | K3: OK
A4: LAM5 - 0226 - Surquillo - Mirtha Inga & Marco Gordillo | B4: Exp. Licencia mod. B | C4: ARQUITECTURA | D4: TAREAS ADMINISTRATIVAS - Subir PARTIDA ELECTRONICA ACTUALIZADA | E4: V 0.0 - INICIO DEL PROYECTO | F4: 0 | H4: 0 | J4: 0 | K4: OK
A5: LAM5 - 0226 - Surquillo - Mirtha Inga & Marco Gordillo | B5: Exp. Licencia mod. B | C5: ARQUITECTURA | D5: ARQUITECTURA - Plano de Ubicación y Localización | E5: V 2.0 - PRELIMINAR A ENTREGA A REVISORES | F5: 2 | H5: 2 | J5: 2 | K5: OK
A6: LAM5 - 0226 - Surquillo - Mirtha Inga & Marco Gordillo | B6: Exp. Licencia mod. B | C6: ARQUITECTURA | D6: ARQUITECTURA - Planos de distribución | E6: V 1.1 - APROBACIÓN ARQUITECTÓNICA | F6: 3 | H6: 3 | J6: 3 | K6: OK
A7: LAM5 - 0226 - Surquillo - Mirtha Inga & Marco Gordillo | B7: Exp. Licencia mod. B | C7: ARQUITECTURA | D7: ARQUITECTURA -Prop. arquitectonica | E7: V 1.1 - APROBACIÓN ARQUITECTÓNICA | F7: 14 | H7: 14 | J7: 14 | K7: OK
A8: LAM5 - 0226 - Surquillo - Mirtha Inga & Marco Gordillo | B8: Exp. Licencia mod. B | C8: ARQUITECTURA | D8: ARQUITECTURA -Reunión para ver prop. arquitectoinca | E8: V 1.1 - APROBACIÓN ARQUITECTÓNICA | F8: 0 | G8: 8 | H8: 8 | J8: 8 | K8: OK
A9: LAM5 - 0226 - Surquillo - Mirtha Inga & Marco Gordillo | B9: Exp. Licencia mod. B | C9: ARQUITECTURA | D9: ARQUITECTURA - Memoria de arquitectura | E9: V 2.0 - PRELIMINAR A ENTREGA A REVISORES | F9: 1 | H9: 1 | J9: 1 | K9: OK
A10: LAM5 - 0226 - Surquillo - Mirtha Inga & Marco Gordillo | B10: Exp. Licencia mod. B | C10: ARQUITECTURA | D10: ARQUITECTURA - Memoria de seguridad | E10: V 2.0 - PRELIMINAR A ENTREGA A REVISORES | F10: 0.5 | H10: 0.5 | J10: 0.5 | K10: OK
A11: LAM5 - 0226 - Surquillo - Mirtha Inga & Marco Gordillo | B11: Exp. Licencia mod. B | C11: ARQUITECTURA | D11: ARQUITECTURA - Planos de seguridad, Evacuación y señalización | E11: V 2.0 - PRELIMINAR A ENTREGA A REVISORES | F11: 1 | H11: 1 | J11: 1 | K11: OK
A12: LAM5 - 0226 - Surquillo - Mirtha Inga & Marco Gordillo | B12: Exp. Licencia mod. B | C12: ARQUITECTURA | D12: ARQUITECTURA - Planos de seguridad, Evacuación y señalización (copia) | E12: V 2.0 - PRELIMINAR A ENTREGA A REVISORES | F12: 1 | H12: 1 | J12: 1 | K12: OK
A13: LAM5 - 0226 - Surquillo - Mirtha Inga & Marco Gordillo | B13: Exp. Licencia mod. B | C13: ARQUITECTURA | D13: ARQUITECTURA - Llenar FUE (Formulario Único de Edificaciones) | E13: V 2.0 - PRELIMINAR A ENTREGA A REVISORES | F13: 2 | H13: 2 | J13: 2 | K13: OK
A14: LAM5 - 0226 - Surquillo - Mirtha Inga & Marco Gordillo | B14: Exp. Licencia mod. B | C14: ARQUITECTURA | D14: ARQUITECTURA - Planos de corte y elevación | E14: V 2.0 - PRELIMINAR A ENTREGA A REVISORES | F14: 4 | H14: 4 | J14: 4 | K14: OK
A15: LAM5 - 0226 - Surquillo - Mirtha Inga & Marco Gordillo | B15: Exp. Licencia mod. B | C15: ARQUITECTURA | D15: TAREAS ADMINISTRATIVAS - Compatibilización con especialidades | E15: V 2.0 - PRELIMINAR A ENTREGA A REVISORES | F15: 3 | H15: 3 | J15: 3 | K15: OK
A16: LAM5 - 0226 - Surquillo - Mirtha Inga & Marco Gordillo | B16: Exp. Licencia mod. B | C16: ARQUITECTURA | D16: ARQUITECTURA - Presupuesto | E16: V 2.0 - PRELIMINAR A ENTREGA A REVISORES | F16: 0.5 | H16: 0.5 | J16: 0.5 | K16: OK
A17: LAM5 - 0226 - Surquillo - Mirtha Inga & Marco Gordillo | B17: Exp. Licencia mod. B | C17: ARQUITECTURA | D17: ARQUITECTURA - Lev. de observaciones de municipalidad | E17: V 3.0 - PRELIMINAR A ENTREGA A MUNI | F17: 5 | H17: 5 | J17: 5 | K17: OK
A18: LAM5 - 0226 - Surquillo - Mirtha Inga & Marco Gordillo | B18: Exp. Licencia mod. B | C18: ARQUITECTURA | D18: ARQUITECTURA - Lev. de Observaciones de revisores | E18: V 3.0 - PRELIMINAR A ENTREGA A MUNI | F18: 5 | H18: 5 | J18: 5 | K18: OK
A19: LAM5 - 0226 - Surquillo - Mirtha Inga & Marco Gordillo | B19: Exp. Licencia mod. B | C19: ARQUITECTURA | D19: ARQUITECTURA - Revisión de municipalidad | E19: V 3.1 - ENTREGA TÉCNICA FINAL DE EXPEDIENTE A MUNI | F19: 0 | H19: 0 | J19: 0 | K19: OK
A20: LAM5 - 0226 - Surquillo - Mirtha Inga & Marco Gordillo | B20: Exp. Licencia mod. B | C20: ARQUITECTURA | D20: ARQUITECTURA - Revision de Revisores | E20: V 2.1 - ENTREGA TÉCNICA FINAL DE EXPEDIENTE A REVISORES | F20: 0 | H20: 0 | J20: 0 | K20: OK
A21: LAM5 - 0226 - Surquillo - Mirtha Inga & Marco Gordillo | B21: Exp. Licencia mod. B | C21: ARQUITECTURA | D21: ARQUITECTURA - Propuesta de render 3D (MODELADO Y RENDERIZADO) | E21: V 2.0 - PRELIMINAR A ENTREGA A REVISORES | F21: 14 | H21: 14 | J21: 14 | K21: OK
A22: LAM5 - 0226 - Surquillo - Mirtha Inga & Marco Gordillo | B22: Exp. Licencia mod. B | C22: ARQUITECTURA | D22: ARQUITECTURA - Reunión para ver fachada | E22: V 2.0 - PRELIMINAR A ENTREGA A REVISORES | F22: 0 | G22: 2 | H22: 2 | J22: 2 | K22: OK
A23: LAM5 - 0226 - Surquillo - Mirtha Inga & Marco Gordillo | B23: Exp. Licencia mod. B | C23: ESTRUCTURAS | D23: ESTRUCTURAS - Propuesta estructural de columnas, placas y vigas | E23: V 2.0 - PRELIMINAR A ENTREGA A REVISORES | F23: 2 | H23: 2 | J23: 2 | K23: OK
A24: LAM5 - 0226 - Surquillo - Mirtha Inga & Marco Gordillo | B24: Exp. Licencia mod. B | C24: ESTRUCTURAS | D24: ESTRUCTURAS - Modelado estructural | E24: V 2.0 - PRELIMINAR A ENTREGA A REVISORES | F24: 5 | H24: 5 | J24: 5 | K24: OK
A25: LAM5 - 0226 - Surquillo - Mirtha Inga & Marco Gordillo | B25: Exp. Licencia mod. B | C25: ESTRUCTURAS | D25: ESTRUCTURAS - Compatibilizacion con especialidades | E25: V 2.0 - PRELIMINAR A ENTREGA A REVISORES | F25: 2 | H25: 2 | J25: 2 | K25: OK
A26: LAM5 - 0226 - Surquillo - Mirtha Inga & Marco Gordillo | B26: Exp. Licencia mod. B | C26: ESTRUCTURAS | D26: ESTRUCTURAS - Exposición de proyecto al cliente | E26: V 1.0 - PRELIMINAR A LA APROBACIÓN ARQUITECTÓNICA | F26: 0 | G26: 3 | H26: 3 | J26: 3 | K26: OK
A27: LAM5 - 0226 - Surquillo - Mirtha Inga & Marco Gordillo | B27: Exp. Licencia mod. B | C27: ESTRUCTURAS | D27: ESTRUCTURAS - Planos de encofrados de techos | E27: V 1.0 - PRELIMINAR A LA APROBACIÓN ARQUITECTÓNICA | F27: 8 | H27: 8 | J27: 8 | K27: OK
A28: LAM5 - 0226 - Surquillo - Mirtha Inga & Marco Gordillo | B28: Exp. Licencia mod. B | C28: ESTRUCTURAS | D28: ESTRUCTURAS - Detalle de reforzamiento en cuadro de columna | E28: V 2.0 - PRELIMINAR A ENTREGA A REVISORES | F28: 3 | H28: 3 | J28: 3 | K28: OK
A29: LAM5 - 0226 - Surquillo - Mirtha Inga & Marco Gordillo | B29: Exp. Licencia mod. B | C29: ESTRUCTURAS | D29: ESTRUCTURAS - Detalle de reforzamiento en cimentación | E29: V 2.0 - PRELIMINAR A ENTREGA A REVISORES | F29: 5 | H29: 5 | J29: 5 | K29: OK
A30: LAM5 - 0226 - Surquillo - Mirtha Inga & Marco Gordillo | B30: Exp. Licencia mod. B | C30: ESTRUCTURAS | D30: ESTRUCTURAS - Detalle de reforzamiento en encofrado | E30: V 1.0 - PRELIMINAR A LA APROBACIÓN ARQUITECTÓNICA | F30: 2 | H30: 2 | J30: 2 | K30: OK
A31: LAM5 - 0226 - Surquillo - Mirtha Inga & Marco Gordillo | B31: Exp. Licencia mod. B | C31: ESTRUCTURAS | D31: ESTRUCTURAS - Desarrollo de vigas | E31: V 2.0 - PRELIMINAR A ENTREGA A REVISORES | F31: 3 | H31: 3 | J31: 3 | K31: OK
A32: LAM5 - 0226 - Surquillo - Mirtha Inga & Marco Gordillo | B32: Exp. Licencia mod. B | C32: ESTRUCTURAS | D32: ESTRUCTURAS - Planos de cimentación | E32: V 2.0 - PRELIMINAR A ENTREGA A REVISORES | F32: 7 | H32: 7 | J32: 7 | K32: OK
A33: LAM5 - 0226 - Surquillo - Mirtha Inga & Marco Gordillo | B33: Exp. Licencia mod. B | C33: ESTRUCTURAS | D33: ESTRUCTURAS - Especificaciones generales | E33: V 2.0 - PRELIMINAR A ENTREGA A REVISORES | F33: 2 | H33: 2 | J33: 2 | K33: OK
A34: LAM5 - 0226 - Surquillo - Mirtha Inga & Marco Gordillo | B34: Exp. Licencia mod. B | C34: ESTRUCTURAS | D34: ESTRUCTURAS - Lev. de Observaciones de Muni | E34: V 3.0 - PRELIMINAR A ENTREGA A MUNI | F34: 9 | H34: 9 | J34: 9 | K34: OK
A35: LAM5 - 0226 - Surquillo - Mirtha Inga & Marco Gordillo | B35: Exp. Licencia mod. B | C35: ESTRUCTURAS | D35: ESTRUCTURAS - Revision de Municipalidad | E35: V 3.1 - ENTREGA TÉCNICA FINAL DE EXPEDIENTE A MUNI | F35: 0 | H35: 0 | J35: 0 | K35: OK
A36: LAM5 - 0226 - Surquillo - Mirtha Inga & Marco Gordillo | B36: Exp. Licencia mod. B | C36: ESTRUCTURAS | D36: ESTRUCTURAS - Revision de Revisores | E36: V 2.1 - ENTREGA TÉCNICA FINAL DE EXPEDIENTE A REVISORES | F36: 0 | H36: 0 | J36: 0 | K36: OK
A37: LAM5 - 0226 - Surquillo - Mirtha Inga & Marco Gordillo | B37: Exp. Licencia mod. B | C37: ESTRUCTURAS | D37: ESTRUCTURAS - Lev. de Observaciones de revisores | E37: V 3.0 - PRELIMINAR A ENTREGA A MUNI | F37: 9 | H37: 9 | J37: 9 | K37: OK
A38: LAM5 - 0226 - Surquillo - Mirtha Inga & Marco Gordillo | B38: Exp. Licencia mod. B | C38: ESTRUCTURAS | D38: ESTRUCTURAS - Desarrollo de escaleras | E38: V 2.0 - PRELIMINAR A ENTREGA A REVISORES | F38: 1 | H38: 1 | J38: 1 | K38: OK
... A50: LAM5 - 0226 - Surquillo - Mirtha Inga & Marco Gordillo | B50: Exp. Licencia mod. B | C50: INST. ELECTRICAS | D50: IIEE - Lev. de Observaciones de revisores | E50: V 3.0 - PRELIMINAR A ENTREGA A MUNI | F50: 5 | H50: 5 | J50: 5 | K50: OK
A51: LAM5 - 0226 - Surquillo - Mirtha Inga & Marco Gordillo | B51: Exp. Licencia mod. B | C51: INST. ELECTRICAS | D51: IIEE - Reunión con cliente | E51: V 2.0 - PRELIMINAR A ENTREGA A REVISORES | F51: 0 | G51: 2 | H51: 2 | J51: 2 | K51: OK
A52: LAM5 - 0226 - Surquillo - Mirtha Inga & Marco Gordillo | B52: Exp. Licencia mod. B | C52: INST. SANITARIAS | D52: TAREAS ADMINISTRATIVAS - Solicitar FACTIBILIDAD a SEDAPAL | E52: V 2.0 - PRELIMINAR A ENTREGA A REVISORES | F52: 5 | H52: 5 | J52: 5 | K52: OK
A53: LAM5 - 0226 - Surquillo - Mirtha Inga & Marco Gordillo | B53: Exp. Licencia mod. B | C53: INST. SANITARIAS | D53: IISS - Propuesta de Cisterna y/o T. Elevado | E53: V 1.0 - PRELIMINAR A LA APROBACIÓN ARQUITECTÓNICA | F53: 0.5 | H53: 0.5 | J53: 0.5 | K53: OK
A54: LAM5 - 0226 - Surquillo - Mirtha Inga & Marco Gordillo | B54: Exp. Licencia mod. B | C54: INST. SANITARIAS | D54: IISS - Excel de cálculos sanitarios | E54: V 2.0 - PRELIMINAR A ENTREGA A REVISORES | F54: 9 | H54: 9 | J54: 9 | K54: OK
A55: LAM5 - 0226 - Surquillo - Mirtha Inga & Marco Gordillo | B55: Exp. Licencia mod. B | C55: INST. SANITARIAS | D55: IISS - PLANOS DE AGUA | E55: V 2.0 - PRELIMINAR A ENTREGA A REVISORES | F55: 3 | H55: 3 | J55: 3 | K55: OK
A56: LAM5 - 0226 - Surquillo - Mirtha Inga & Marco Gordillo | B56: Exp. Licencia mod. B | C56: INST. SANITARIAS | D56: IISS - PLANOS DE DESAGUE | E56: V 2.0 - PRELIMINAR A ENTREGA A REVISORES | F56: 4 | H56: 4 | J56: 4 | K56: OK
A57: LAM5 - 0226 - Surquillo - Mirtha Inga & Marco Gordillo | B57: Exp. Licencia mod. B | C57: INST. SANITARIAS | D57: IISS - Plano de detalle | E57: V 2.0 - PRELIMINAR A ENTREGA A REVISORES | F57: 4 | H57: 4 | J57: 4 | K57: OK
A58: LAM5 - 0226 - Surquillo - Mirtha Inga & Marco Gordillo | B58: Exp. Licencia mod. B | C58: INST. SANITARIAS | D58: IISS - Isométrico de agua | E58: V 2.0 - PRELIMINAR A ENTREGA A REVISORES | F58: 5 | H58: 5 | J58: 5 | K58: OK
A59: LAM5 - 0226 - Surquillo - Mirtha Inga & Marco Gordillo | B59: Exp. Licencia mod. B | C59: INST. SANITARIAS | D59: IISS - Documentos para factibilidad | E59: V 2.0 - PRELIMINAR A ENTREGA A REVISORES | F59: 7 | H59: 7 | J59: 7 | K59: OK
A60: LAM5 - 0226 - Surquillo - Mirtha Inga & Marco Gordillo | B60: Exp. Licencia mod. B | C60: INST. SANITARIAS | D60: IISS - Memoria sanitaria | E60: V 2.0 - PRELIMINAR A ENTREGA A REVISORES | F60: 3 | H60: 3 | J60: 3 | K60: OK
A61: LAM5 - 0226 - Surquillo - Mirtha Inga & Marco Gordillo | B61: Exp. Licencia mod. B | C61: INST. SANITARIAS | D61: IISS - Lev. de Observaciones de Muni | E61: V 3.0 - PRELIMINAR A ENTREGA A MUNI | F61: 9 | H61: 9 | J61: 9 | K61: OK
A62: LAM5 - 0226 - Surquillo - Mirtha Inga & Marco Gordillo | B62: Exp. Licencia mod. B | C62: INST. SANITARIAS | D62: IISS - Lev. de Observaciones de revisores | E62: V 3.0 - PRELIMINAR A ENTREGA A MUNI | F62: 9 | H62: 9 | J62: 9 | K62: OK
A63: LAM5 - 0226 - Surquillo - Mirtha Inga & Marco Gordillo | B63: Exp. Licencia mod. B | C63: INST. SANITARIAS | D63: IISS - Revision de Revisores | E63: V 2.1 - ENTREGA TÉCNICA FINAL DE EXPEDIENTE A REVISORES | F63: 0 | H63: 0 | J63: 0 | K63: OK
A64: LAM5 - 0226 - Surquillo - Mirtha Inga & Marco Gordillo | B64: Exp. Licencia mod. B | C64: INST. SANITARIAS | D64: IISS - Revision de Municipalidad | E64: V 3.1 - ENTREGA TÉCNICA FINAL DE EXPEDIENTE A MUNI | F64: 0 | H64: 0 | J64: 0 | K64: OK
A65: LAM5 - 0226 - Surquillo - Mirtha Inga & Marco Gordillo | B65: Exp. Licencia mod. B | C65: INST. SANITARIAS | D65: IISS - Reunión con cliente | E65: V 3.0 - PRELIMINAR A ENTREGA A MUNI | F65: 0 | G65: 2 | H65: 2 | J65: 2 | K65: OK
A66: LAM5 - 0226 - Surquillo - Mirtha Inga & Marco Gordillo | B66: Exp. Licencia mod. B | C66: INST. GAS | D66: IIGG - Memoria de gas | E66: V 2.0 - PRELIMINAR A ENTREGA A REVISORES | F66: 5 | H66: 5 | J66: 5 | K66: OK
A67: LAM5 - 0226 - Surquillo - Mirtha Inga & Marco Gordillo | B67: Exp. Licencia mod. B | C67: INST. GAS | D67: IIGG - Plano de gas | E67: V 2.0 - PRELIMINAR A ENTREGA A REVISORES | F67: 1 | H67: 1 | J67: 1 | K67: OK
A68: LAM5 - 0226 - Surquillo - Mirtha Inga & Marco Gordillo | B68: Exp. Licencia mod. B | C68: INST. GAS | D68: TAREAS ADMINISTRATIVAS - Solicitar FACTIBILIDAD a CALIDA | E68: V 2.0 - PRELIMINAR A ENTREGA A REVISORES | F68: 5 | H68: 5 | J68: 5 | K68: OK
A69: LAM5 - 0226 - Surquillo - Mirtha Inga & Marco Gordillo | B69: Exp. Licencia mod. B | C69: INST. GAS | D69: GAS - Lev. de observaciones de municipalidad | E69: V 3.0 - PRELIMINAR A ENTREGA A MUNI | F69: 2 | H69: 2 | J69: 2 | K69: OK
A70: LAM5 - 0226 - Surquillo - Mirtha Inga & Marco Gordillo | B70: Exp. Licencia mod. B | C70: INST. GAS | D70: GAS - Revisión de municipalidad | E70: V 3.1 - ENTREGA TÉCNICA FINAL DE EXPEDIENTE A MUNI | F70: 0 | H70: 0 | J70: 0 | K70: OK
A71: LAM5 - 0226 - Surquillo - Mirtha Inga & Marco Gordillo | B71: Exp. Licencia mod. B | C71: INST. GAS | D71: GAS - Lev. de Observaciones de revisores | E71: V 3.0 - PRELIMINAR A ENTREGA A MUNI | F71: 2 | H71: 2 | J71: 2 | K71: OK
A72: LAM5 - 0226 - Surquillo - Mirtha Inga & Marco Gordillo | B72: Exp. Licencia mod. B | C72: INST. GAS | D72: GAS - Revision de Revisores | E72: V 2.1 - ENTREGA TÉCNICA FINAL DE EXPEDIENTE A REVISORES | F72: 0 | H72: 0 | J72: 0 | K72: OK
A73: LAM5 - 0226 - Surquillo - Mirtha Inga & Marco Gordillo | B73: Exp. Licencia mod. B | C73: INST. GAS | D73: IIGG - Reunión para exponer a cliente | E73: V 2.0 - PRELIMINAR A ENTREGA DEL EXPEDIENTE | F73: 0 | G73: 2 | H73: 2 | J73: 2 | K73: OK
A74: LAM5 - 0226 - Surquillo - Mirtha Inga & Marco Gordillo | B74: Exp. Licencia mod. B | C74: SUELOS | D74: EMS - Excel de ensayos | E74: V 2.0 - PRELIMINAR A ENTREGA DEL EXPEDIENTE | F74: 3 | H74: 3 | J74: 3 | K74: OK
A75: LAM5 - 0226 - Surquillo - Mirtha Inga & Marco Gordillo | B75: Exp. Licencia mod. B | C75: SUELOS | D75: EMS - Informe de EMS | E75: V 2.0 - PRELIMINAR A ENTREGA DEL EXPEDIENTE | F75: 4 | H75: 4 | J75: 4 | K75: OK
A76: LAM5 - 0226 - Surquillo - Mirtha Inga & Marco Gordillo | B76: Exp. Licencia mod. B | C76: GESTIÓN Y ADMINISTRACIÓN | D76: TAREAS ADMINISTRATIVAS - Crear grupo de WPS con cliente y equipo | E76: V 0.0 - INICIO DEL PROYECTO | F76: 0 | H76: 0
A77: LAM5 - 0226 - Surquillo - Mirtha Inga & Marco Gordillo | B77: Exp. Licencia mod. B | C77: GESTIÓN Y ADMINISTRACIÓN | D77: TAREAS ADMINISTRATIVAS - Crear DRIVE del proyecto | E77: V 0.0 - INICIO DEL PROYECTO | F77: 0 | H77: 0
A78: LAM5 - 0226 - Surquillo - Mirtha Inga & Marco Gordillo | B78: Exp. Licencia mod. B | C78: GESTIÓN Y ADMINISTRACIÓN | D78: TAREAS ADMINISTRATIVAS - Coordinar dia y hora para realizar calicatas y tomar medidas de terreno | E78: V 0.0 - INICIO DEL PROYECTO | F78: 0 | H78: 0
A79: LAM5 - 0226 - Surquillo - Mirtha Inga & Marco Gordillo | B79: Exp. Licencia mod. B | C79: GESTIÓN Y ADMINISTRACIÓN | D79: TAREAS ADMINISTRATIVAS - COORDINAR ENTREGA DE EXPEDIENTE APROBADO A REVISORES PARA QUE FIRME | E79: V 3.0 - PRELIMINAR A ENTREGA A MUNI | F79: 0 | H79: 0
A80: LAM5 - 0226 - Surquillo - Mirtha Inga & Marco Gordillo | B80: Exp. Licencia mod. B | C80: GESTIÓN Y ADMINISTRACIÓN | D80: TAREAS ADMINISTRATIVAS - Coordinar 1era reunión con cliente | E80: V 0.0 - INICIO DEL PROYECTO | F80: 0 | H80: 0
A81: LAM5 - 0226 - Surquillo - Mirtha Inga & Marco Gordillo | B81: Exp. Licencia mod. B | C81: GESTIÓN Y ADMINISTRACIÓN | D81: TAREAS ADMINISTRATIVAS - ESCANEA DE EXPEDIENTE A REVISORES | E81: V 3.0 - PRELIMINAR A ENTREGA A MUNI | F81: 0 | H81: 0
A82: LAM5 - 0226 - Surquillo - Mirtha Inga & Marco Gordillo | B82: Exp. Licencia mod. B | C82: GESTIÓN Y ADMINISTRACIÓN | D82: TAREAS ADMINISTRATIVAS - Realizar 1era reunión con cliente | E82: V 0.0 - INICIO DEL PROYECTO | F82: 0 | H82: 0
A83: LAM5 - 0226 - Surquillo - Mirtha Inga & Marco Gordillo | B83: Exp. Licencia mod. B | C83: GESTIÓN Y ADMINISTRACIÓN | D83: TAREAS ADMINISTRATIVAS - Entrega de expediente impreso a cliente | E83: V 2.1 - ENTREGA TÉCNICA FINAL DE EXPEDIENTE A REVISORES | F83: 0 | H83: 0
A84: LAM5 - 0226 - Surquillo - Mirtha Inga & Marco Gordillo | B84: Exp. Licencia mod. B | C84: GESTIÓN Y ADMINISTRACIÓN | D84: TAREAS ADMINISTRATIVAS - EMISIÓN DE LICENCIA DE EDIFICACIÓN | E84: V 3.1 - ENTREGA TÉCNICA FINAL DE EXPEDIENTE A MUNI | F84: 0 | H84: 0
A85: LAM5 - 0226 - Surquillo - Mirtha Inga & Marco Gordillo | B85: Exp. Licencia mod. B | C85: GESTIÓN Y ADMINISTRACIÓN | D85: TAREAS ADMINISTRATIVAS - ENTREGA DE EXPEDIENTE FINAL FIRMADO A MUNICIPALIDAD | E85: V 3.1 - ENTREGA TÉCNICA FINAL DE EXPEDIENTE A MUNI | F85: 0 | H85: 0
A86: LAM5 - 0226 - Surquillo - Mirtha Inga & Marco Gordillo | B86: Exp. Licencia mod. B | C86: GESTIÓN Y ADMINISTRACIÓN | D86: TAREAS ADMINISTRATIVAS - Subir fotos de calicatas al drive | E86: V 1.0 - PRELIMINAR A LA APROBACIÓN ARQUITECTÓNICA | F86: 0 | H86: 0
A87: LAM5 - 0226 - Surquillo - Mirtha Inga & Marco Gordillo | B87: Exp. Licencia mod. B | C87: GESTIÓN Y ADMINISTRACIÓN | D87: TAREAS ADMINISTRATIVAS - Junta de arquitectos | E87: V 1.0 - PRELIMINAR A LA APROBACIÓN ARQUITECTÓNICA | F87: 0 | H87: 0
A88: LAM5 - 0226 - Surquillo - Mirtha Inga & Marco Gordillo | B88: Exp. Licencia mod. B | C88: GESTIÓN Y ADMINISTRACIÓN | D88: TAREAS ADMINISTRATIVAS - Reunión para aprobación de propuesta arquitectónica | E88: V 1.0 - PRELIMINAR A LA APROBACIÓN ARQUITECTÓNICA | F88: 0 | H88: 0

Sheet MH-DF - 0226 - Surquillo-Mirtha
A1: NOMBRE DE PROYECTO | B1: TIPO DE EXPEDIENTE | C1: ESPECIALIDAD | D1: PARTIDA | E1: VERSION | F1: HORAS CALENDARIO TECNICOS LABORADOS PARA PERSONA CON RENDIMIENTO AL 100% | G1: HORAS CALENDARIO EN REUNIONES CON CLIENTES PARA PERSONA CON RENDIMIENTO AL 100% | H1: TOTAL | I1: HORAS ADICIONALES | J1: TOTAL HORAS RESTANTES | K1: Column11
A2: DF - 0226 - Surquillo - Mirtha & Marco | B2: Declaratoria | C2: ARQUITECTURA | D2: TAREAS ADMINISTRATIVAS - Subir DNI al DRIVE | E2: V 0.0 - INICIO DEL PROYECTO | F2: 0 | H2: 0 | J2: 0 | K2: OK
A3: DF - 0226 - Surquillo - Mirtha & Marco | B3: Declaratoria | C3: ARQUITECTURA | D3: ARQUITECTURA - Revisión de SUNARP | E3: V 2.1 - ENTREGA TÉCNICA FINAL DE EXPEDIENTE A REVISORES | F3: 0 | H3: 0 | J3: 0 | K3: OK
A4: DF - 0226 - Surquillo - Mirtha & Marco | B4: Declaratoria | C4: ARQUITECTURA | D4: ARQUITECTURA - Lev. de Observaciones de SUNARP | E4: V 2.0 - PRELIMINAR A ENTREGA A SUNARP | F4: 5 | H4: 5 | J4: 5 | K4: OK
A5: DF - 0226 - Surquillo - Mirtha & Marco | B5: Declaratoria | C5: ARQUITECTURA | D5: TAREAS ADMINISTRATIVAS - Subir PARTIDA ELECTRONICA ACTUALIZADA | E5: V 0.0 - INICIO DEL PROYECTO | F5: 0 | H5: 0 | J5: 0 | K5: OK
A6: DF - 0226 - Surquillo - Mirtha & Marco | B6: Declaratoria | C6: ARQUITECTURA | D6: ARQUITECTURA - Planos de distribución | E6: V 2.0 - PRELIMINAR A ENTREGA A SUNARP | F6: 3 | H6: 3 | J6: 3 | K6: OK
A7: DF - 0226 - Surquillo - Mirtha & Marco | B7: Declaratoria | C7: ARQUITECTURA | D7: TAREAS ADMINISTRATIVAS - SACAR 2 JUEGOS DE COPIA DEL EXPEDIENTE | E7: V 2.0 - PRELIMINAR A ENTREGA A SUNARP | F7: 1 | H7: 1 | J7: 1 | K7: OK
A8: DF - 0226 - Surquillo - Mirtha & Marco | B8: Declaratoria | C8: ARQUITECTURA | D8: TAREAS ADMINISTRATIVAS - MANDAR A IMPRENTA 1 JUEGO DE EXPEDIENTE A PLOTEAR | E8: V 2.0 - PRELIMINAR A ENTREGA A SUNARP | F8: 1 | H8: 1 | J8: 1 | K8: OK
A9: DF - 0226 - Surquillo - Mirtha & Marco | B9: Declaratoria | C9: ARQUITECTURA | D9: ARQUITECTURA - Plano de Ubicación y Localización | E9: V 2.0 - PRELIMINAR A ENTREGA A SUNARP | F9: 3 | H9: 3 | J9: 3 | K9: OK
A10: DF - 0226 - Surquillo - Mirtha & Marco | B10: Declaratoria | C10: ARQUITECTURA | D10: ARQUITECTURA - Memoria descriptiva de declaratoria de fábrica | E10: V 2.0 - PRELIMINAR A ENTREGA A SUNARP | F10: 1 | H10: 1 | J10: 1 | K10: OK
A11: DF - 0226 - Surquillo - Mirtha & Marco | B11: Declaratoria | C11: ARQUITECTURA | D11: ARQUITECTURA - Formularios FOR | E11: V 2.0 - PRELIMINAR A ENTREGA A SUNARP | F11: 3 | H11: 3 | J11: 3 | K11: OK
A12: DF - 0226 - Surquillo - Mirtha & Marco | B12: Declaratoria | C12: ARQUITECTURA | D12: ARQUITECTURA - Informe técnica del verificador (ITF) | E12: V 2.0 - PRELIMINAR A ENTREGA A SUNARP | F12: 2 | H12: 2 | J12: 2 | K12: OK
A13: DF - 0226 - Surquillo - Mirtha & Marco | B13: Declaratoria | C13: ARQUITECTURA | D13: ARQUITECTURA - Declaración jurada no improcedencia | E13: V 2.0 - PRELIMINAR A ENTREGA A SUNARP | F13: 0.5 | H13: 0.5 | J13: 0.5 | K13: OK
A14: DF - 0226 - Surquillo - Mirtha & Marco | B14: Declaratoria | C14: ARQUITECTURA | D14: ARQUITECTURA - Reunión para exponer a cliente | E14: V 2.0 - PRELIMINAR A ENTREGA A SUNARP | F14: 0 | G14: 2 | H14: 2 | J14: 2 | K14: OK
A15: DF - 0226 - Surquillo - Mirtha & Marco | B15: Declaratoria | C15: GESTIÓN Y ADMINISTRACIÓN | D15: TAREAS ADMINISTRATIVAS - EMISIÓN DE DECLARATORIA DE FÁBRICA | E15: V 2.0 - PRELIMINAR A ENTREGA A SUNARP | F15: 0 | H15: 0 | J15: 0 | K15: OK
A16: DF - 0226 - Surquillo - Mirtha & Marco | B16: Declaratoria | C16: GESTIÓN Y ADMINISTRACIÓN | D16: TAREAS ADMINISTRATIVAS - Entrega de expediente impreso a cliente | E16: V 2.1 - ENTREGA TÉCNICA FINAL DE EXPEDIENTE A REVISORES | F16: 0 | H16: 0 | J16: 0 | K16: OK
A17: DF - 0226 - Surquillo - Mirtha & Marco | B17: Declaratoria | C17: GESTIÓN Y ADMINISTRACIÓN | D17: TAREAS ADMINISTRATIVAS - Crear grupo de WPS con cliente y equipo | E17: V 0.0 - INICIO DEL PROYECTO | F17: 0 | H17: 0 | J17: 0 | K17: OK
A18: DF - 0226 - Surquillo - Mirtha & Marco | B18: Declaratoria | C18: GESTIÓN Y ADMINISTRACIÓN | D18: TAREAS ADMINISTRATIVAS - Crear DRIVE del proyecto | E18: V 0.0 - INICIO DEL PROYECTO | F18: 0 | H18: 0 | J18: 0 | K18: OK
A19: DF - 0226 - Surquillo - Mirtha & Marco | B19: Declaratoria | C19: GESTIÓN Y ADMINISTRACIÓN | D19: TAREAS ADMINISTRATIVAS - Coordinar dia y hora para realizar levantamiento arquitectónico | E19: V 0.0 - INICIO DEL PROYECTO | F19: 0 | H19: 0 | J19: 0 | K19: OK
A20: DF - 0226 - Surquillo - Mirtha & Marco | B20: Declaratoria | C20: GESTIÓN Y ADMINISTRACIÓN | D20: TAREAS ADMINISTRATIVAS - Realizar levantamiento arquitectónico | E20: V 0.0 - INICIO DEL PROYECTO | F20: 0 | H20: 0 | J20: 0 | K20: OK

Sheet MH-LNM5 - 0226 - SJL - MONTERO
A1: NOMBRE DE PROYECTO | B1: TIPO DE EXPEDIENTE | C1: ESPECIALIDAD | D1: PARTIDA | E1: VERSION | F1: HORAS CALENDARIO TECNICOS LABORADOS PARA PERSONA CON RENDIMIENTO AL 100% | G1: HORAS CALENDARIO EN REUNIONES CON CLIENTES PARA PERSONA CON RENDIMIENTO AL 100% | H1: TOTAL | I1: HORAS ADICIONALES | J1: TOTAL HORAS RESTANTES | K1: Column11
A2: LNM5 - 0226 - SJL - MONTERO RUIZ | B2: Exp. Licencia mod. B | C2: ESTRUCTURAS | D2: ESTRUCTURAS - Compatibilizacion con especialidades | E2: V 2.0 - PRELIMINAR A ENTREGA A REVISORES | F2: 3 | H2: 3 | J2: 3 | K2: OK
A3: LNM5 - 0226 - SJL - MONTERO RUIZ | B3: Exp. Licencia mod. B | C3: ESTRUCTURAS | D3: ESTRUCTURAS - Reuniones con cliente | E3: V 2.0 - PRELIMINAR A ENTREGA A REVISORES | F3: 0 | G3: 2 | H3: 2 | J3: 2 | K3: OK
A4: LNM5 - 0226 - SJL - MONTERO RUIZ | B4: Exp. Licencia mod. B | C4: ESTRUCTURAS | D4: ESTRUCTURAS - Planos de encofrados de techos | E4: V 2.0 - PRELIMINAR A ENTREGA A REVISORES | F4: 7 | H4: 7 | J4: 7 | K4: OK
A5: LNM5 - 0226 - SJL - MONTERO RUIZ | B5: Exp. Licencia mod. B | C5: ESTRUCTURAS | D5: ESTRUCTURAS - Propuesta estructural de columnas, placas y vigas | E5: V 1.0 - PRELIMINAR A LA APROBACIÓN ARQUITECTÓNICA | F5: 2 | H5: 2 | J5: 2 | K5: OK
A6: LNM5 - 0226 - SJL - MONTERO RUIZ | B6: Exp. Licencia mod. B | C6: ESTRUCTURAS | D6: ESTRUCTURAS - Modelado de estructuras | E6: V 1.0 - PRELIMINAR A LA APROBACIÓN ARQUITECTÓNICA | F6: 7 | H6: 7 | J6: 7 | K6: OK
A7: LNM5 - 0226 - SJL - MONTERO RUIZ | B7: Exp. Licencia mod. B | C7: ESTRUCTURAS | D7: ESTRUCTURAS - Detalle de placas | E7: V 2.0 - PRELIMINAR A ENTREGA A REVISORES | F7: 5 | H7: 5 | J7: 5 | K7: OK
A8: LNM5 - 0226 - SJL - MONTERO RUIZ | B8: Exp. Licencia mod. B | C8: ESTRUCTURAS | D8: ESTRUCTURAS - Cuadro de columnas | E8: V 2.0 - PRELIMINAR A ENTREGA A REVISORES | F8: 2 | H8: 2 | J8: 2 | K8: OK
A9: LNM5 - 0226 - SJL - MONTERO RUIZ | B9: Exp. Licencia mod. B | C9: ESTRUCTURAS | D9: TAREAS ADMINISTRATIVAS - Junta de ingenierías | E9: V 1.0 - PRELIMINAR A LA APROBACIÓN ARQUITECTÓNICA | F9: 2 | H9: 2 | J9: 2 | K9: OK
A10: LNM5 - 0226 - SJL - MONTERO RUIZ | B10: Exp. Licencia mod. B | C10: ESTRUCTURAS | D10: ESTRUCTURAS - Desarrollo de vigas | E10: V 2.0 - PRELIMINAR A ENTREGA A REVISORES | F10: 3 | H10: 3 | J10: 3 | K10: OK
A11: LNM5 - 0226 - SJL - MONTERO RUIZ | B11: Exp. Licencia mod. B | C11: ESTRUCTURAS | D11: ESTRUCTURAS - Planos de cimentación | E11: V 2.0 - PRELIMINAR A ENTREGA A REVISORES | F11: 7 | H11: 7 | J11: 7 | K11: OK
A12: LNM5 - 0226 - SJL - MONTERO RUIZ | B12: Exp. Licencia mod. B | C12: ESTRUCTURAS | D12: ESTRUCTURAS - Detalle y corte de cisterna | E12: V 2.0 - PRELIMINAR A ENTREGA A REVISORES | F12: 2 | H12: 2 | J12: 2 | K12: OK
A13: LNM5 - 0226 - SJL - MONTERO RUIZ | B13: Exp. Licencia mod. B | C13: ESTRUCTURAS | D13: ESTRUCTURAS - Lev. de Observaciones de Muni | E13: V 3.0 - PRELIMINAR A ENTREGA A MUNI | F13: 9 | H13: 9 | J13: 9 | K13: OK
A14: LNM5 - 0226 - SJL - MONTERO RUIZ | B14: Exp. Licencia mod. B | C14: ESTRUCTURAS | D14: ESTRUCTURAS - Revision de Municipalidad | E14: V 3.1 - ENTREGA TÉCNICA FINAL DE EXPEDIENTE A MUNI | F14: 0 | H14: 0 | J14: 0 | K14: OK
A15: LNM5 - 0226 - SJL - MONTERO RUIZ | B15: Exp. Licencia mod. B | C15: ESTRUCTURAS | D15: ESTRUCTURAS - Revision de Revisores | E15: V 2.1 - ENTREGA TÉCNICA FINAL DE EXPEDIENTE A REVISORES | F15: 0 | H15: 0 | J15: 0 | K15: OK
... A31: LNM5 - 0226 - SJL - MONTERO RUIZ | B31: Exp. Licencia mod. B | C31: INST. ELECTRICAS | D31: TAREAS ADMINISTRATIVAS - MANDAR A IMPRENTA 3 JUEGOS DE EXPEDIENTE A PLOTEAR | E31: V 3.0 - PRELIMINAR A ENTREGA A MUNI | F31: 5 | H31: 5 | J31: 5 | K31: OK
A32: LNM5 - 0226 - SJL - MONTERO RUIZ | B32: Exp. Licencia mod. B | C32: INST. ELECTRICAS | D32: IIEE - Reunion con cliente | E32: V 2.0 - PRELIMINAR A ENTREGA A REVISORES | F32: 0 | G32: 2 | H32: 2 | J32: 2 | K32: OK
A33: LNM5 - 0226 - SJL - MONTERO RUIZ | B33: Exp. Licencia mod. B | C33: INST. SANITARIAS | D33: TAREAS ADMINISTRATIVAS - Solicitar FACTIBILIDAD a SEDAPAL | E33: V 2.0 - PRELIMINAR A ENTREGA A REVISORES | F33: 5 | G33: 2 | H33: 7 | J33: 7 | K33: OK
A34: LNM5 - 0226 - SJL - MONTERO RUIZ | B34: Exp. Licencia mod. B | C34: INST. SANITARIAS | D34: IISS - Propuesta de Cisterna y/o T.Hidroneumatico | E34: V 1.0 - PRELIMINAR A LA APROBACIÓN ARQUITECTÓNICA | F34: 0.5 | H34: 0.5 | J34: 0.5 | K34: OK
A35: LNM5 - 0226 - SJL - MONTERO RUIZ | B35: Exp. Licencia mod. B | C35: INST. SANITARIAS | D35: IISS - Excel de cálculos sanitarios | E35: V 2.0 - PRELIMINAR A ENTREGA A REVISORES | F35: 9 | H35: 9 | J35: 9 | K35: OK
A36: LNM5 - 0226 - SJL - MONTERO RUIZ | B36: Exp. Licencia mod. B | C36: INST. SANITARIAS | D36: IISS - PLANOS DE AGUA | E36: V 2.0 - PRELIMINAR A ENTREGA A REVISORES | F36: 3 | H36: 3 | J36: 3 | K36: OK
A37: LNM5 - 0226 - SJL - MONTERO RUIZ | B37: Exp. Licencia mod. B | C37: INST. SANITARIAS | D37: IISS - PLANOS DE DESAGUE | E37: V 2.0 - PRELIMINAR A ENTREGA A REVISORES | F37: 4 | H37: 4 | J37: 4 | K37: OK
A38: LNM5 - 0226 - SJL - MONTERO RUIZ | B38: Exp. Licencia mod. B | C38: INST. SANITARIAS | D38: IISS - Plano de detalle | E38: V 2.0 - PRELIMINAR A ENTREGA A REVISORES | F38: 4 | H38: 4 | J38: 4 | K38: OK
A39: LNM5 - 0226 - SJL - MONTERO RUIZ | B39: Exp. Licencia mod. B | C39: INST. SANITARIAS | D39: IISS - Isométrico de agua | E39: V 2.0 - PRELIMINAR A ENTREGA A REVISORES | F39: 5 | H39: 5 | J39: 5 | K39: OK
A40: LNM5 - 0226 - SJL - MONTERO RUIZ | B40: Exp. Licencia mod. B | C40: INST. SANITARIAS | D40: IISS - Documentos para factibilidad | E40: V 2.0 - PRELIMINAR A ENTREGA A REVISORES | F40: 7 | H40: 7 | J40: 7 | K40: OK
A41: LNM5 - 0226 - SJL - MONTERO RUIZ | B41: Exp. Licencia mod. B | C41: INST. SANITARIAS | D41: IISS - Memoria sanitaria | E41: V 2.0 - PRELIMINAR A ENTREGA A REVISORES | F41: 3 | H41: 3 | J41: 3 | K41: OK
A42: LNM5 - 0226 - SJL - MONTERO RUIZ | B42: Exp. Licencia mod. B | C42: INST. SANITARIAS | D42: IISS - Lev. de Observaciones de Muni | E42: V 3.0 - PRELIMINAR A ENTREGA A MUNI | F42: 9 | H42: 9 | J42: 9 | K42: OK
A43: LNM5 - 0226 - SJL - MONTERO RUIZ | B43: Exp. Licencia mod. B | C43: INST. SANITARIAS | D43: IISS - Lev. de Observaciones de revisores | E43: V 3.0 - PRELIMINAR A ENTREGA A MUNI | F43: 9 | H43: 9 | J43: 9 | K43: OK
A44: LNM5 - 0226 - SJL - MONTERO RUIZ | B44: Exp. Licencia mod. B | C44: INST. SANITARIAS | D44: IISS - Revision de Revisores | E44: V 2.1 - ENTREGA TÉCNICA FINAL DE EXPEDIENTE A REVISORES | F44: 0 | H44: 0 | J44: 0 | K44: OK
A45: LNM5 - 0226 - SJL - MONTERO RUIZ | B45: Exp. Licencia mod. B | C45: INST. SANITARIAS | D45: IISS - Revision de Municipalidad | E45: V 3.1 - ENTREGA TÉCNICA FINAL DE EXPEDIENTE A MUNI | F45: 0 | H45: 0 | J45: 0 | K45: OK
A46: LNM5 - 0226 - SJL - MONTERO RUIZ | B46: Exp. Licencia mod. B | C46: INST. SANITARIAS | D46: IISS - Reunion con cliente | E46: V 2.0 - PRELIMINAR A ENTREGA A REVISORES | F46: 0 | G46: 2 | H46: 2 | J46: 2 | K46: OK
A47: LNM5 - 0226 - SJL - MONTERO RUIZ | B47: Exp. Licencia mod. B | C47: INST. GAS | D47: IIGG - Memoria de gas | E47: V 2.0 - PRELIMINAR A ENTREGA A REVISORES | F47: 1 | H47: 1 | J47: 1 | K47: OK
A48: LNM5 - 0226 - SJL - MONTERO RUIZ | B48: Exp. Licencia mod. B | C48: INST. GAS | D48: IIGG - Plano de gas | E48: V 2.0 - PRELIMINAR A ENTREGA A REVISORES | F48: 5 | H48: 5 | J48: 5 | K48: OK
A49: LNM5 - 0226 - SJL - MONTERO RUIZ | B49: Exp. Licencia mod. B | C49: INST. GAS | D49: TAREAS ADMINISTRATIVAS - Solicitar FACTIBILIDAD a CALIDA | E49: V 2.0 - PRELIMINAR A ENTREGA A REVISORES | F49: 5 | H49: 5 | J49: 5 | K49: OK
A50: LNM5 - 0226 - SJL - MONTERO RUIZ | B50: Exp. Licencia mod. B | C50: INST. GAS | D50: GAS - Lev. de observaciones de municipalidad | E50: V 3.0 - PRELIMINAR A ENTREGA A MUNI | F50: 2 | H50: 2 | J50: 2 | K50: OK
A51: LNM5 - 0226 - SJL - MONTERO RUIZ | B51: Exp. Licencia mod. B | C51: INST. GAS | D51: GAS - Revisión de municipalidad | E51: V 3.1 - ENTREGA TÉCNICA FINAL DE EXPEDIENTE A MUNI | F51: 0 | H51: 0 | J51: 0 | K51: OK
A52: LNM5 - 0226 - SJL - MONTERO RUIZ | B52: Exp. Licencia mod. B | C52: INST. GAS | D52: GAS - Lev. de Observaciones de revisores | E52: V 3.0 - PRELIMINAR A ENTREGA A MUNI | F52: 2 | H52: 2 | J52: 2 | K52: OK
A53: LNM5 - 0226 - SJL - MONTERO RUIZ | B53: Exp. Licencia mod. B | C53: INST. GAS | D53: GAS - Revision de Revisores | E53: V 2.1 - ENTREGA TÉCNICA FINAL DE EXPEDIENTE A REVISORES | F53: 0 | H53: 0 | J53: 0 | K53: OK
A54: LNM5 - 0226 - SJL - MONTERO RUIZ | B54: Exp. Licencia mod. B | C54: INST. GAS | D54: IIGG - Reunión para exponer a cliente | E54: V 2.0 - PRELIMINAR A ENTREGA DEL EXPEDIENTE | F54: 0 | G54: 2 | H54: 2 | J54: 2 | K54: OK
A55: LNM5 - 0226 - SJL - MONTERO RUIZ | B55: Exp. Licencia mod. B | C55: SUELOS | D55: EMS - Excel de ensayos | E55: V 2.0 - PRELIMINAR A ENTREGA DEL EXPEDIENTE | F55: 3 | H55: 3 | I55: -3 | J55: 0 | K55: OK
A56: LNM5 - 0226 - SJL - MONTERO RUIZ | B56: Exp. Licencia mod. B | C56: SUELOS | D56: EMS - Informe de EMS | E56: V 2.0 - PRELIMINAR A ENTREGA DEL EXPEDIENTE | F56: 4 | H56: 4 | I56: 4 | J56: 0 | K56: OK
A57: LNM5 - 0226 - SJL - MONTERO RUIZ | B57: Exp. Licencia mod. B | C57: TOPOGRAFÍA | D57: Topografia - Campo | E57: V 1.0 - PRELIMINAR A LA APROBACIÓN ARQUITECTÓNICA | F57: 9 | H57: 9 | J57: 0 | K57: OK
A58: LNM5 - 0226 - SJL - MONTERO RUIZ | B58: Exp. Licencia mod. B | C58: TOPOGRAFÍA | D58: Topografia - Plano Perimetrico | E58: V 1.0 - PRELIMINAR A LA APROBACIÓN ARQUITECTÓNICA | F58: 6 | H58: 6 | J58: 0 | K58: OK
A59: LNM5 - 0226 - SJL - MONTERO RUIZ | B59: Exp. Licencia mod. B | C59: TOPOGRAFÍA | D59: Topografia - Curvas de Nivel | E59: V 1.0 - PRELIMINAR A LA APROBACIÓN ARQUITECTÓNICA | F59: 6 | H59: 6 | I59: -1 | J59: 0 | K59: OK
A60: LNM5 - 0226 - SJL - MONTERO RUIZ | B60: Exp. Licencia mod. B | C60: TOPOGRAFÍA | D60: Topografia - Plano Topográfico | E60: V 1.0 - PRELIMINAR A LA APROBACIÓN ARQUITECTÓNICA | F60: 2 | H60: 2 | J60: 0 | K60: OK
A61: LNM5 - 0226 - SJL - MONTERO RUIZ | B61: Exp. Licencia mod. B | C61: GESTIÓN Y ADMINISTRACIÓN | D61: TAREAS ADMINISTRATIVAS - Crear grupo de WPS con cliente y equipo | E61: V 0.0 - INICIO DEL PROYECTO | F61: 0 | H61: 0
A62: LNM5 - 0226 - SJL - MONTERO RUIZ | B62: Exp. Licencia mod. B | C62: GESTIÓN Y ADMINISTRACIÓN | D62: TAREAS ADMINISTRATIVAS - Crear DRIVE del proyecto | E62: V 0.0 - INICIO DEL PROYECTO | F62: 0 | H62: 0
A63: LNM5 - 0226 - SJL - MONTERO RUIZ | B63: Exp. Licencia mod. B | C63: GESTIÓN Y ADMINISTRACIÓN | D63: TAREAS ADMINISTRATIVAS - Coordinar dia y hora para realizar calicatas y tomar medidas de terreno | E63: V 0.0 - INICIO DEL PROYECTO | F63: 0 | H63: 0
A64: LNM5 - 0226 - SJL - MONTERO RUIZ | B64: Exp. Licencia mod. B | C64: GESTIÓN Y ADMINISTRACIÓN | D64: TAREAS ADMINISTRATIVAS - COORDINAR ENTREGA DE EXPEDIENTE APROBADO A REVISORES PARA QUE FIRME | E64: V 3.0 - PRELIMINAR A ENTREGA A MUNI | F64: 0 | H64: 0
A65: LNM5 - 0226 - SJL - MONTERO RUIZ | B65: Exp. Licencia mod. B | C65: GESTIÓN Y ADMINISTRACIÓN | D65: TAREAS ADMINISTRATIVAS - Coordinar 1era reunión con cliente | E65: V 0.0 - INICIO DEL PROYECTO | F65: 0 | H65: 0
A66: LNM5 - 0226 - SJL - MONTERO RUIZ | B66: Exp. Licencia mod. B | C66: GESTIÓN Y ADMINISTRACIÓN | D66: TAREAS ADMINISTRATIVAS - ESCANEA DE EXPEDIENTE A REVISORES | E66: V 3.0 - PRELIMINAR A ENTREGA A MUNI | F66: 0 | H66: 0
A67: LNM5 - 0226 - SJL - MONTERO RUIZ | B67: Exp. Licencia mod. B | C67: GESTIÓN Y ADMINISTRACIÓN | D67: TAREAS ADMINISTRATIVAS - Realizar 1era reunión con cliente | E67: V 0.0 - INICIO DEL PROYECTO | F67: 0 | H67: 0
A68: LNM5 - 0226 - SJL - MONTERO RUIZ | B68: Exp. Licencia mod. B | C68: GESTIÓN Y ADMINISTRACIÓN | D68: TAREAS ADMINISTRATIVAS - Entrega de expediente impreso a cliente | E68: V 2.1 - ENTREGA TÉCNICA FINAL DE EXPEDIENTE A REVISORES | F68: 0 | H68: 0
A69: LNM5 - 0226 - SJL - MONTERO RUIZ | B69: Exp. Licencia mod. B | C69: GESTIÓN Y ADMINISTRACIÓN | D69: TAREAS ADMINISTRATIVAS - EMISIÓN DE LICENCIA DE EDIFICACIÓN | E69: V 3.1 - ENTREGA TÉCNICA FINAL DE EXPEDIENTE A MUNI | F69: 0 | H69: 0
A70: LNM5 - 0226 - SJL - MONTERO RUIZ | B70: Exp. Licencia mod. B | C70: GESTIÓN Y ADMINISTRACIÓN | D70: TAREAS ADMINISTRATIVAS - ENTREGA DE EXPEDIENTE FINAL FIRMADO A MUNICIPALIDAD | E70: V 3.1 - ENTREGA TÉCNICA FINAL DE EXPEDIENTE A MUNI | F70: 0 | H70: 0
A71: LNM5 - 0226 - SJL - MONTERO RUIZ | B71: Exp. Licencia mod. B | C71: GESTIÓN Y ADMINISTRACIÓN | D71: TAREAS ADMINISTRATIVAS - Subir fotos de calicatas al drive | E71: V 1.0 - PRELIMINAR A LA APROBACIÓN ARQUITECTÓNICA | F71: 0 | H71: 0
A72: LNM5 - 0226 - SJL - MONTERO RUIZ | B72: Exp. Licencia mod. B | C72: GESTIÓN Y ADMINISTRACIÓN | D72: TAREAS ADMINISTRATIVAS - Junta de arquitectos | E72: V 1.0 - PRELIMINAR A LA APROBACIÓN ARQUITECTÓNICA | F72: 0 | H72: 0
A73: LNM5 - 0226 - SJL - MONTERO RUIZ | B73: Exp. Licencia mod. B | C73: GESTIÓN Y ADMINISTRACIÓN | D73: TAREAS ADMINISTRATIVAS - Reunión para aprobación de propuesta arquitectónica | E73: V 1.0 - PRELIMINAR A LA APROBACIÓN ARQUITECTÓNICA | F73: 0 | H73: 0

Sheet MH-LNM5 - 0226 - SJL - MONTERO 
A1: NOMBRE DE PROYECTO | B1: TIPO DE EXPEDIENTE | C1: ESPECIALIDAD | D1: PARTIDA | E1: VERSION | F1: HORAS CALENDARIO TECNICOS LABORADOS PARA PERSONA CON RENDIMIENTO AL 100% | G1: HORAS CALENDARIO EN REUNIONES CON CLIENTES PARA PERSONA CON RENDIMIENTO AL 100% | H1: TOTAL | I1: HORAS ADICIONALES | J1: TOTAL HORAS RESTANTES | K1: Column11
A2: ONM5 - 0226 - SJL - MONTERO RUIZ | B2: Exp. Obra (MULTIFAMILIAR) | C2: ESTRUCTURAS | D2: ESTRUCTURAS - Modelado de estructuras de techos | E2: V 1.0 - PRELIMINAR A LA APROBACIÓN ARQUITECTÓNICA | F2: 3.5 | H2: 3.5 | J2: 3.5 | K2: OK
A3: ONM5 - 0226 - SJL - MONTERO RUIZ | B3: Exp. Obra (MULTIFAMILIAR) | C3: ESTRUCTURAS | D3: ESTRUCTURAS - Propuesta estructural de columnas, placas y vigas | E3: V 1.0 - PRELIMINAR A LA APROBACIÓN ARQUITECTÓNICA | F3: 4 | H3: 4 | J3: 4 | K3: OK
A4: ONM5 - 0226 - SJL - MONTERO RUIZ | B4: Exp. Obra (MULTIFAMILIAR) | C4: ESTRUCTURAS | D4: TAREAS ADMINISTRATIVAS - Junta de ingenierías | E4: V 2.0 - PRELIMINAR A ENTREGA DEL EXPEDIENTE | F4: 1.5 | H4: 1.5 | J4: 1.5 | K4: OK
A5: ONM5 - 0226 - SJL - MONTERO RUIZ | B5: Exp. Obra (MULTIFAMILIAR) | C5: ESTRUCTURAS | D5: ESTRUCTURAS - Planos de encofrados de techos | E5: V 2.0 - PRELIMINAR A ENTREGA DEL EXPEDIENTE | F5: 4.5 | H5: 4.5 | J5: 4.5 | K5: OK
A6: ONM5 - 0226 - SJL - MONTERO RUIZ | B6: Exp. Obra (MULTIFAMILIAR) | C6: ESTRUCTURAS | D6: ESTRUCTURAS - Planos de diseño de aceros de encofrados | E6: V 2.0 - PRELIMINAR A ENTREGA DEL EXPEDIENTE | F6: 2 | H6: 2 | J6: 2 | K6: OK
A7: ONM5 - 0226 - SJL - MONTERO RUIZ | B7: Exp. Obra (MULTIFAMILIAR) | C7: ESTRUCTURAS | D7: ESTRUCTURAS - Desarrollo de vigas | E7: V 2.0 - PRELIMINAR A ENTREGA DEL EXPEDIENTE | F7: 2 | H7: 2 | J7: 2 | K7: OK
A8: ONM5 - 0226 - SJL - MONTERO RUIZ | B8: Exp. Obra (MULTIFAMILIAR) | C8: ESTRUCTURAS | D8: ESTRUCTURAS - Cuadro de vigas en encofrados | E8: V 2.0 - PRELIMINAR A ENTREGA DEL EXPEDIENTE | F8: 1 | H8: 1 | J8: 1 | K8: OK
A9: ONM5 - 0226 - SJL - MONTERO RUIZ | B9: Exp. Obra (MULTIFAMILIAR) | C9: ESTRUCTURAS | D9: ESTRUCTURAS - Cortes de escalera de concreto | E9: V 2.0 - PRELIMINAR A ENTREGA DEL EXPEDIENTE | F9: 3 | H9: 3 | J9: 3 | K9: OK
A10: ONM5 - 0226 - SJL - MONTERO RUIZ | B10: Exp. Obra (MULTIFAMILIAR) | C10: ESTRUCTURAS | D10: ESTRUCTURAS - Cuadro de columnas | E10: V 2.0 - PRELIMINAR A ENTREGA DEL EXPEDIENTE | F10: 2 | H10: 2 | J10: 2 | K10: OK
A11: ONM5 - 0226 - SJL - MONTERO RUIZ | B11: Exp. Obra (MULTIFAMILIAR) | C11: ESTRUCTURAS | D11: ESTRUCTURAS - Detalle de placas | E11: V 2.0 - PRELIMINAR A ENTREGA DEL EXPEDIENTE | F11: 4 | H11: 4 | J11: 4 | K11: OK
A12: ONM5 - 0226 - SJL - MONTERO RUIZ | B12: Exp. Obra (MULTIFAMILIAR) | C12: ESTRUCTURAS | D12: ESTRUCTURAS - Modelado de estructuras de cimentación | E12: V 1.0 - PRELIMINAR A LA APROBACIÓN ARQUITECTÓNICA | F12: 5 | H12: 5 | J12: 5 | K12: OK
A13: ONM5 - 0226 - SJL - MONTERO RUIZ | B13: Exp. Obra (MULTIFAMILIAR) | C13: ESTRUCTURAS | D13: ESTRUCTURAS - Planos de cimentación | E13: V 2.0 - PRELIMINAR A ENTREGA DEL EXPEDIENTE | F13: 2 | H13: 2 | J13: 2 | K13: OK
... A18: ONM5 - 0226 - SJL - MONTERO RUIZ | B18: Exp. Obra (MULTIFAMILIAR) | C18: ESTRUCTURAS | D18: ESTRUCTURAS - Memoria estructural | E18: V 2.0 - PRELIMINAR A ENTREGA DEL EXPEDIENTE | F18: 2 | H18: 2 | J18: 2 | K18: OK
A19: ONM5 - 0226 - SJL - MONTERO RUIZ | B19: Exp. Obra (MULTIFAMILIAR) | C19: ESTRUCTURAS | D19: ESTRUCTURAS - Reunión de exposición al cliente | E19: V 2.0 - PRELIMINAR A ENTREGA DEL EXPEDIENTE | F19: 0 | G19: 4 | H19: 4 | J19: 4 | K19: OK
A20: ONM5 - 0226 - SJL - MONTERO RUIZ | B20: Exp. Obra (MULTIFAMILIAR) | C20: ESTRUCTURAS | D20: TAREAS ADMINISTRATIVAS - COORDINAR ENTREGA DE EXPEDIENTE CON CLIENTE | E20: V 2.0 - PRELIMINAR A ENTREGA DEL EXPEDIENTE | F20: 0 | H20: 0 | J20: 0 | K20: OK
A21: ONM5 - 0226 - SJL - MONTERO RUIZ | B21: Exp. Obra (MULTIFAMILIAR) | C21: ESTRUCTURAS | D21: TAREAS ADMINISTRATIVAS - Entrega de expediente impreso a cliente | E21: V 2.1 - ENTREGA TÉCNICA FINAL DE EXPEDIENTE | F21: 0 | H21: 0 | J21: 0 | K21: OK
A22: ONM5 - 0226 - SJL - MONTERO RUIZ | B22: Exp. Obra (MULTIFAMILIAR) | C22: INST. ELECTRICAS | D22: IIEE - Plano de tomacorrientes y comunicaciones | E22: V 2.0 - PRELIMINAR A ENTREGA DEL EXPEDIENTE | F22: 11 | H22: 11 | J22: 11 | K22: OK
A23: ONM5 - 0226 - SJL - MONTERO RUIZ | B23: Exp. Obra (MULTIFAMILIAR) | C23: INST. ELECTRICAS | D23: IIEE - Plano de luminarias | E23: V 2.0 - PRELIMINAR A ENTREGA DEL EXPEDIENTE | F23: 9 | H23: 9 | J23: 9 | K23: OK
A24: ONM5 - 0226 - SJL - MONTERO RUIZ | B24: Exp. Obra (MULTIFAMILIAR) | C24: INST. ELECTRICAS | D24: IIEE - Cuadro de cargas y unifilares | E24: V 2.0 - PRELIMINAR A ENTREGA DEL EXPEDIENTE | F24: 4 | H24: 4 | J24: 4 | K24: OK
A25: ONM5 - 0226 - SJL - MONTERO RUIZ | B25: Exp. Obra (MULTIFAMILIAR) | C25: INST. ELECTRICAS | D25: IIEE - Excel de cálculos eléctricos | E25: V 2.0 - PRELIMINAR A ENTREGA DEL EXPEDIENTE | F25: 0 | H25: 0 | J25: 0 | K25: OK
A26: ONM5 - 0226 - SJL - MONTERO RUIZ | B26: Exp. Obra (MULTIFAMILIAR) | C26: INST. ELECTRICAS | D26: IIEE - Reunión de exposición | E26: V 2.0 - PRELIMINAR A ENTREGA DEL EXPEDIENTE | F26: 0 | G26: 4 | H26: 4 | J26: 4 | K26: OK
A27: ONM5 - 0226 - SJL - MONTERO RUIZ | B27: Exp. Obra (MULTIFAMILIAR) | C27: INST. SANITARIAS | D27: IISS - Propuesta de Cisterna y/o T.E. | E27: V 1.0 - PRELIMINAR A LA APROBACIÓN ARQUITECTÓNICA | F27: 0.5 | H27: 0.5 | J27: 0.5 | K27: OK
A28: ONM5 - 0226 - SJL - MONTERO RUIZ | B28: Exp. Obra (MULTIFAMILIAR) | C28: INST. SANITARIAS | D28: IISS - PLANOS DE AGUA | E28: V 2.0 - PRELIMINAR A ENTREGA DEL EXPEDIENTE | F28: 5 | H28: 5 | J28: 5 | K28: OK
A29: ONM5 - 0226 - SJL - MONTERO RUIZ | B29: Exp. Obra (MULTIFAMILIAR) | C29: INST. SANITARIAS | D29: IISS - PLANOS DE DESAGUE | E29: V 2.0 - PRELIMINAR A ENTREGA DEL EXPEDIENTE | F29: 4 | H29: 4 | J29: 4 | K29: OK
A30: ONM5 - 0226 - SJL - MONTERO RUIZ | B30: Exp. Obra (MULTIFAMILIAR) | C30: INST. SANITARIAS | D30: IISS - Plano de detalle | E30: V 2.0 - PRELIMINAR A ENTREGA DEL EXPEDIENTE | F30: 1 | H30: 1 | J30: 1 | K30: OK
A31: ONM5 - 0226 - SJL - MONTERO RUIZ | B31: Exp. Obra (MULTIFAMILIAR) | C31: INST. SANITARIAS | D31: IISS - Compatibilización con especialidades | E31: V 2.0 - PRELIMINAR A ENTREGA DEL EXPEDIENTE | F31: 1 | H31: 1 | J31: 1 | K31: OK
A32: ONM5 - 0226 - SJL - MONTERO RUIZ | B32: Exp. Obra (MULTIFAMILIAR) | C32: INST. SANITARIAS | D32: IISS - Reunión con cliente | E32: V 2.0 - PRELIMINAR A ENTREGA DEL EXPEDIENTE | F32: 0 | G32: 2 | H32: 2 | J32: 2 | K32: OK
A33: ONM5 - 0226 - SJL - MONTERO RUIZ | B33: Exp. Obra (MULTIFAMILIAR) | C33: INST. GAS | D33: IIGG - Plano de gas | E33: V 2.0 - PRELIMINAR A ENTREGA DEL EXPEDIENTE | F33: 5 | H33: 5 | J33: 5 | K33: OK
A34: ONM5 - 0226 - SJL - MONTERO RUIZ | B34: Exp. Obra (MULTIFAMILIAR) | C34: INST. GAS | D34: IIGG - Reunión para exponer a cliente | E34: V 2.0 - PRELIMINAR A ENTREGA DEL EXPEDIENTE | F34: 0 | G34: 2 | H34: 2 | J34: 2 | K34: OK

Sheet MH-DF - 0226 - Surquillo-Mi (2)
A1: NOMBRE DE PROYECTO | B1: TIPO DE EXPEDIENTE | C1: ESPECIALIDAD | D1: PARTIDA | E1: VERSION | F1: HORAS CALENDARIO TECNICOS LABORADOS PARA PERSONA CON RENDIMIENTO AL 100% | G1: HORAS CALENDARIO EN REUNIONES CON CLIENTES PARA PERSONA CON RENDIMIENTO AL 100% | H1: TOTAL | I1: HORAS ADICIONALES | J1: TOTAL HORAS RESTANTES | K1: Column11
